,Hirose_san_score,model_score,sentence,sentence_root
0,0.0,0.0,"if capital flow reversals materialize ,",capital flow reversal materialize
1,0.0,0.0,"Credible macroeconomic policies and frameworks , alongside exchange rate flexibility are needed to weather the turbulence",credible macroeconomic policy framework exchange rate flexibility be need weather turbulence
2,0.0,1.0,"There is increasing divergence in the monetary policy stances between advanced and emerging economies , reflecting macroeconomic developments ,",be increase divergence monetary policy stance advanced emerge economy reflect macroeconomic development
3,0.0,0.0,"as fiscal support is phased out , could undercut global recovery",fiscal support be phase could undercut global recovery
4,0.0,0.0,"As a result , central banks have also taken a number of unconventional measures , including direct intervention in credit markets",result central bank have take number unconventional measure include direct intervention credit market
5,0.0,0.0,"On October 31 st , the Bank of Japan BoJ expanded its Quantitative and Qualitative Monetary Easing QQE framework by accelerating purchases of JGBs and extending their maturity and tripling the purchases of private assets ,",October st Bank Japan BoJ expand quantitative qualitative Monetary Easing QQE framework accelerate purchase jgb extend maturity triple purchase private asset
6,0.0,0.0,Appropriate sequencing is important for an orderly withdrawal,appropriate sequencing be important orderly withdrawal
7,0.0,0.0,"Monetary policy must remain the first line of defense ,",Monetary policy must remain first line defense
8,1.0,0.0,"where policy credibility has come into question , need to continue tightening monetary policy in the context of strengthened policy frameworks India and Turkey .",policy credibility have come question need continue tighten monetary policy context strengthened policy framework India Turkey
9,0.0,0.0,Deploying tools to limit financial risks,deploy tool limit financial risk
10,0.0,0.0,"It is important , however , to consider macroeconomic conditions",be important consider macroeconomic condition
11,0.0,0.0,To balance inflation concerns particularly in conjunction with the large increase in government indebtedness and central bank balance sheets and the risk,balance inflation concern conjunction large increase government indebtedness central bank balance sheet risk
12,1.0,1.0,"In a number of emerging economies , by contrast , monetary policy may have to tighten sooner and might therefore be more synchronous with or even lead fiscal consolidation",number emerge economy contrast monetary policy may have tighten might be synchronous lead fiscal consolidation
13,0.0,0.0,"In Japan , the BoJ 's objective to raise inflation to 2 percent and the sweeping enhancements to the monetary framework are welcome",Japan BoJ objective raise inflation percent sweeping enhancement monetary framework be welcome
14,0.0,1.0,"In contrast , monetary policy in the euro area and Japan is expected to remain more accommodative for an extended period",contrast monetary policy euro area Japan be expect remain more accommodative extended period
15,0.0,0.0,"Taking advantage of the current low interest rate environment and depending on the availability of fiscal space , there is a case for more public investment",take advantage current low interest rate environment depend availability fiscal space be case more public investment
16,0.0,0.0,"Specifically : In Brazil , slowing economic conditions will make it difficult to achieve the original budget targets for 2014",Brazil slow economic condition will make difficult achieve original budget target
17,0.0,0.0,Fiscal positions should generally aim at rebuilding policy space,fiscal position should aim rebuild policy space
18,1.0,1.0,"In economies where monetary policy is still very accommodative and inflation above target , some monetary policy tightening may be needed to bring inflation back to target",economy monetary policy be accommodative inflation target monetary policy tightening may be need bring inflation target
19,0.0,0.0,Priority should be given to fiscal consolidation particularly in countries,priority should be give fiscal consolidation country
20,0.0,0.0,"their policies might have , for instance on linkages , corporate leverage , and financial innovation as well as external spillovers",policy might have instance linkage corporate leverage financial innovation external spillover
21,0.0,1.0,"This could be achieved by lower ECB monetary policy interest rates ,",could be achieve lower ecb monetary policy interest rate
22,0.0,0.0,"In case actual or expected inflation stagnate or growth disappoints , the Bank of Japan should act swiftly through further and/or asset purchases",case actual expect inflation stagnate growth disappoint Bank Japan should act further asset purchase
23,0.0,0.0,"In Latin America , economies are operating close to speed limit ,",Latin America economy be operate speed limit
24,0.0,0.0,"where inflation is firmly anchored ,",inflation be anchor
25,0.0,0.0,"In countries facing growth and inflation , macroeconomic policies will have to weigh possible",country face growth inflation macroeconomic policy will have weigh possible
26,0.0,0.0,Maintaining unconventional,maintain unconventional
27,0.0,0.0,if needed will help meet ECB 's price stability objective,need will help meet ECB price stability objective
28,0.0,0.0,"Emerging economies face starkly diverse cyclical positions , but the emphasis should generally be on enhancing resilience",emerge economy face diverse cyclical position emphasis should be enhance resilience
29,0.0,1.0,Monetary policy should be the first response to spillovers from advanced economies,Monetary policy should be first response spillover advanced economy
30,0.0,0.0,which are expanding rapidly,be expand
31,0.0,0.0,"In the euro area , the ECB 's expanded asset purchase program has improved confidence and financial conditions , and raised inflation expectations initially",euro area ECB expand asset purchase program have improve confidence financial condition raise inflation expectation
32,0.0,0.0,which dampens the supply response and amplifies global price volatility,dampen supply response amplify global price volatility
33,0.0,0.0,that do not affect the economic recovery in the such as entitlement reforms should thus be implemented soon to enhance credibility,do affect economic recovery such entitlement reform should be implement enhance credibility
34,0.0,0.0,Exploiting synergies between support and structural reforms is even more crucial,exploit synergy support structural reform be crucial
35,0.0,0.0,"Building on recent achievements , the authorities should aim for sustained wage inflation , supported by higher public sector and minimum wages , alongside labor market reforms",building recent achievement authority should aim sustained wage inflation support higher public sector minimum wages labor market reform
36,0.0,0.0,"In the euro area , robust action and are required on multiple fronts",euro area robust action be require multiple front
37,1.0,0.0,"Monetary policy can remain accommodative in the major advanced countries , but central banks need to prepare and clearly communicate credible strategies for unwinding the extraordinary monetary policy support",Monetary policy can remain accommodative major advanced country central bank need prepare communicate credible strategy unwind extraordinary monetary policy support
38,1.0,1.0,Monetary policies in other advanced economies should remain highly accommodative,Monetary policy other advanced economy should remain accommodative
39,0.0,0.0,"Second , additional demand support from fiscal policies",additional demand support fiscal policy
40,0.0,0.0,"The scale of fiscal adjustment required to ensure fiscal sustainability will be large , particularly in advanced economies",scale fiscal adjustment require ensure fiscal sustainability will be large advanced economy
41,0.0,0.0,"In many advanced economies , the financial sector remains the Achilles heel of recovery prospects for private demand",many advanced economy financial sector remain Achilles heel recovery prospects private demand
42,0.0,0.0,"Capital controls can be used in some cases , but they should not substitute for necessary macroeconomic and prudential policies",Capital control can be use case should substitute necessary macroeconomic prudential policy
43,0.0,0.0,"Accordingly , in countries with fiscal room , automatic stabilizers should be allowed to play freely , and",country fiscal room automatic stabilizer should be allow play
44,1.0,1.0,"To forestall this adverse circuit , the ECB 's monetary policy should be highly accommodative , consistent with its mandate of ensuring price stability",forestall adverse circuit ECB monetary policy should be accommodative consistent mandate ensure price stability
45,0.0,0.0,"Term repo rates have declined in major advanced economies , as a result of both policy rate cuts and central bank operations",term repo rate have decline major advanced economy result policy rate cut central bank operation
46,0.0,1.0,Monetary Policy : Accommodative in Advanced Economies,Monetary Policy Accommodative Advanced Economies
47,0.0,0.0,"In many emerging market economies , macroeconomic policy space",many emerge market economy macroeconomic policy space
48,0.0,0.0,as discussed below,discuss
49,0.0,0.0,Dealing with commodity price rises poses a particular challenge,deal commodity price rise pose particular challenge
50,0.0,0.0,an expansionary fiscal stance has a direct impact,expansionary fiscal stance have direct impact
51,0.0,1.0,while a monetary tightening will contribute to a worsening of the fiscal position,monetary tightening will contribute worsening fiscal position
52,0.0,0.0,even though output growth and capacity utilization would continue to be above trend,output growth capacity utilization would continue be above trend
53,0.0,0.0,demand pressures may be preferable,demand pressure may be preferable
54,0.0,0.0,where needed attuned to supporting the recovery,need attuned support recovery
55,1.0,1.0,"Where inflationary pressures are diminishing and fiscal fundamentals are weak , monetary policy can be eased",inflationary pressure be diminish fiscal fundamental be weak monetary policy can be ease
56,0.0,0.0,which should support domestic demand,should support domestic demand
57,1.0,1.0,"With output gaps still large , and inflation running below target , accommodative monetary conditions remain essential for advanced economies , including in the United States , to avoid cyclical impediments to growth from becoming structural",output gap large inflation run target accommodative monetary condition remain essential advanced economy include United States avoid cyclical impediment growth become structural
58,0.0,0.0,"as private sector leverage has increased significantly , and current account positions have deteriorated",private sector leverage have increase current account position have deteriorate
59,0.0,0.0,International cooperation is needed to achieve more orderly resolution across borders and consistent regulatory frameworks and supervision,International cooperation be need achieve more orderly resolution border consistent regulatory framework supervision
60,0.0,0.0,"In an environment of ongoing but incomplete transition to financial stability , changing growth dynamics and concerns about slow growth and high unemployment , achieving a better policy mix is important",environment ongoing incomplete transition financial stability change growth dynamics concern slow growth high unemployment achieve better policy mix be important
61,0.0,0.0,"where stabilizers are small , temporary support , such as extended unemployment benefits or wage subsidies , could be continued",stabilizer be small temporary support such extended unemployment benefit wage subsidy could be continue
62,1.0,0.0,"is needed to raise the prospects of achieving the ECB 's inflation objective , including by supporting demand , given the weak and fragile growth , large output gaps and very low inflation",be need raise prospects achieve ECB inflation objective include support demand give weak fragile growth large output gap low inflation
63,0.0,0.0,"when they directly address an economy 's known structural policy gaps and take account of its level of development , its position in the business cycle , and the available macroeconomic policy space",address economy known structural policy gap take account level development position business cycle available macroeconomic policy space
64,0.0,0.0,"Nonetheless , some economies for example , Turkey",economy example Turkey
65,0.0,0.0,The strengthening of the recovery and unwinding of accommodative monetary policy in advanced economies will lead to tighter external financing conditions and could generate further bouts of volatility in capital flows,strengthening recovery unwind accommodative monetary policy advanced economy will lead tighter external financing condition could generate further bout volatility capital flow
66,1.0,1.0,that monetary policy would only be tightened once the macroeconomic environment improves and the outlook for inflation picks up,monetary policy would be tighten macroeconomic environment improve outlook inflation pick
67,0.0,0.0,to complete and implement the regulatory reform agenda,complete implement regulatory reform agenda
68,1.0,0.0,The timing of the policy rate increase should be attuned to inflation and labor market developments,timing policy rate increase should be attuned inflation labor market development
69,1.0,1.0,Monetary policy needs to remain accommodative,Monetary policy need remain accommodative
70,0.0,0.0,"In the euro area , the overall fiscal stance planned for 2014 is neutral ,",euro area overall fiscal stance plan be neutral
71,0.0,0.0,and exits in emerging economies with excessive current account surpluses should be accompanied by exchange rate appreciation,exit emerge economy excessive current account surplus should be accompany exchange rate appreciation
72,0.0,0.0,"As the priority in major advanced economies is to put in place sound fiscal programs , tightening monetary policies prematurely ,",priority major advanced economy be put place sound fiscal program tighten monetary policy
73,0.0,0.0,Public debt is above pre in most countries and structural issues and lower potential output point to lower fiscal space than previously estimated,public debt be pre most country structural issue lower potential output point lower fiscal space estimate
74,0.0,0.0,These economies may have to consider tightening their fiscal stance more quickly,economy may have consider tighten fiscal stance
75,1.0,1.0,"In this context , the Bank of Japan should stand ready for further easing",context Bank Japan should stand ready further ease
76,0.0,0.0,The Fund 's financial stress indices for the major advanced economies have all,Fund financial stress index major advanced economy have
77,0.0,0.0,as interest rates gradually increase and the demographic transition intensifies,interest rate increase demographic transition intensify
78,0.0,0.0,"In the United Kingdom , a range of recent monetary and other policy measures by the Bank of England will support the economy and thereby mitigate downside risks",United Kingdom range recent monetary other policy measure Bank England will support economy mitigate downside risk
79,0.0,0.0,accommodation will likely need to be withdrawn sooner,accommodation will need be withdraw
80,0.0,0.0,"Large international reserves have provided scope , in some cases , to counter exchange rate volatility and sustain the availability of foreign currency funding , for example for trade finance",large international reserve have provide scope case counter exchange rate volatility sustain availability foreign currency funding example trade finance
81,0.0,1.0,could be continued,could be continue
82,0.0,0.0,"When there is economic slack and monetary accommodation , demand effects are stronger , and the boost in output can lead to a decline in the ratio",be economic slack monetary accommodation demand effect be stronger boost output can lead decline ratio
83,0.0,0.0,"In India , more efforts are needed to continue reducing stubbornly high inflation and the large fiscal deficit",India more effort be need continue reduce high inflation large fiscal deficit
84,0.0,0.0,Vulnerabilities in corporate financial positions and public bank asset quality could threaten financial stability,vulnerability corporate financial position public bank asset quality could threaten financial stability
85,0.0,0.0,on the build up of debt,build debt
86,0.0,0.0,"In the euro area , countries with fiscal space should do more to support growth for example , through infrastructure investment in Germany",euro area country fiscal space should do more support growth example infrastructure investment Germany
87,0.0,0.0,Considerable uncertainty remains about the commitment of the government to put in place the complete package of policies required for a successful outcome,considerable uncertainty remain commitment government put place complete package policy require successful outcome
88,0.0,0.0,where further reserve accumulation or exchange rate appreciation are not warranted,reserve accumulation exchange rate appreciation be warrant
89,0.0,0.0,where inflation and expectations are well anchored to provide room for maneuver,inflation expectation be anchor provide room maneuver
90,0.0,0.0,"While approaches have differed , major central banks have acted effectively to support economic activity and credit creation",approach have differ major central bank have act support economic activity credit creation
91,0.0,0.0,regulatory uncertainty will strengthen financial systems and help catalyze rapid growth,regulatory uncertainty will strengthen financial system help catalyze rapid growth
92,1.0,1.0,"In Japan , the Bank of Japan should stand ready for further easing , preferably by extending purchases under its quantitative and qualitative monetary easing program to assets",Japan Bank Japan should stand ready further ease extend purchase quantitative qualitative monetary ease program asset
93,0.0,0.0,that could have a beneficial impact on public finances over the,could have beneficial impact public finances
94,0.0,0.0,"The new government should complement the proposed cap on federal noninterest spending with tax measures and address spending rigidities and unsustainable mandates , including in the pension system",new government should complement propose cap federal noninterest spending tax measure address spending rigidity unsustainable mandate include pension system
95,0.0,0.0,"At the same time , the design of fiscal policy should better support",same time design fiscal policy should support
96,0.0,1.0,"Some countries for example , Argentina and India should remain watchful of inflationary pressures and can not afford to lower interest rates further",country example Argentina India should remain watchful inflationary pressure can afford lower interest rate
97,0.0,1.0,"In the United States , the main policy question is the appropriate timing and pace of monetary policy normalization",United States main policy question be appropriate timing pace monetary policy normalization
98,1.0,0.0,"The recent pause in monetary policy easing has been appropriate given the risks to inflation from ruble depreciation , external risks , and the need to build credibility under the newly introduced inflation targeting regime .",recent pause monetary policy easing have be appropriate give risk inflation ruble depreciation external risk need build credibility introduce inflation target regime
99,0.0,0.0,The pace of recapitalization needs to be accelerated in order to provide cushions against asset losses or shocks to liquidity,pace recapitalization need be accelerate order provide cushion asset loss shock liquidity
100,0.0,0.0,until continued strength in the labor market is accompanied by firm signs of inflation rising steadily toward the Federal Reserve 's 2 percent inflation objective,continued strength labor market be accompany firm sign inflation rise Federal Reserve percent inflation objective
101,0.0,0.0,"In the United States , following the increase of the federal funds rate in , further actions should be and based on clear evidence of wage or price pressures and an assessment",United States follow increase federal fund rate action should be base clear evidence wage price pressure assessment
102,1.0,0.0,"In particular , maintaining accommodative monetary policy through 2011 , including through an expansion of central bank balance sheets , can counteract some of the contractionary effects of fiscal consolidation",particular maintain accommodative monetary policy include expansion central bank balance sheet can counteract contractionary effect fiscal consolidation
103,1.0,1.0,"With nominal policy rates still at or close to the zero lower bound in many economies , monetary policy must remain accommodative , including through unconventional measures , to reduce risks to activity from low inflation and prolonged weak demand",nominal policy rate close lower bind many economy monetary policy must remain accommodative include unconventional measure reduce risk activity low inflation prolonged weak demand
104,0.0,0.0,"that have weakened the monetary transmission mechanism , with banks continuing to tighten lending standards , albeit at a slower pace more recently",have weaken monetary transmission mechanism bank continue tighten lending standard slower pace
105,0.0,0.0,"At the same time , policymakers can raise confidence by explaining to citizens the benefits of reform and ,",same time policymaker can raise confidence explain citizen benefit reform
106,1.0,0.0,"In advanced economies , central banks can afford to maintain low interest rates for an extended period ,",advanced economy central bank can afford maintain low interest rate extended period
107,0.0,0.0,"Building bank capital buffers will help to achieve this by breaking the adverse feedback loop between rising sovereign spreads , deteriorating bank funding , and flagging activity",building bank capital buffer will help achieve break adverse feedback loop rise sovereign spread deteriorate bank funding flagging activity
108,0.0,0.0,which are particularly relevant for European members but also several emerging economies see next section,be relevant european member several emerge economy see next section
109,0.0,0.0,that wage and price inflation are indeed maintaining their steady upward momentum,wage price inflation be maintain steady upward momentum
110,1.0,0.0,"While advanced economy central banks can likely address short term issues related to policy normalization given their large balance sheets , they should continue to monitor any unintended consequences of their policies on linkages , corporate leverage , financial innovation , international capital flows , and asset price bubbles",advanced economy central bank can address short term issue relate policy normalization give large balance sheet should continue monitor unintended consequence policy linkage corporate leverage financial innovation international capital flow asset price bubble
111,0.0,1.0,"Tighten monetary policy and , notably in key surplus economies ,",tighten monetary policy key surplus economy
112,0.0,0.0,Buffers should be rebuilt to create space for action,buffer should be rebuild create space action
113,0.0,0.0,while downside risks to the outlook confirm the case for a very gradual upward path for the federal funds rate,downside risk outlook confirm case gradual upward path federal fund rate
114,0.0,0.0,"banks have the tools needed to tighten policy , but there will be challenges",bank have tool need tighten policy will be challenge
115,0.0,0.0,"But it would be critical to repair bank balance sheets to reduce financial fragmentation , improve the monetary transmission mechanism , and allow for a sustained recovery in investment",would be critical repair bank balance sheet reduce financial fragmentation improve monetary transmission mechanism allow sustained recovery investment
116,0.0,0.0,"This is needed not only to halt and ultimately reverse the large rise in public debt ratios , but also to help create room for policy maneuver to support private demand",be need halt reverse large rise public debt ratio help create room policy maneuver support private demand
117,0.0,0.0,even while central bank balance sheets continue to provide support to some markets .,central bank balance sheet continue provide support market
118,0.0,0.0,and more confidence in policymakers ' ability to act decisively,confidence policymaker ability act
119,0.0,0.0,should the impact of financial market turbulence and higher uncertainty threaten to materially weaken the global outlook,should impact financial market turbulence higher uncertainty threaten weaken global outlook
120,0.0,0.0,"It will also make systemic institutions more resilient , help contain asset price and credit dynamics , and cushion",will make systemic institution resilient help contain asset price credit dynamics cushion
121,0.0,0.0,"The Federal Open Market Committee 's FOMC decision should remain and with little evidence of meaningful wage and price pressures so far ,",Federal Open Market Committee FOMC decision should remain little evidence meaningful wage price pressure
122,1.0,0.0,"In this context , the recent formal adoption of a symmetrical inflation target by India should provide a robust institutional foundation for maintaining price stability",context recent formal adoption symmetrical inflation target India should provide robust institutional foundation maintain price stability
123,0.0,0.0,"If inflows raise macro and concerns , macroeconomic policies for example , adjusting the policy mix , exchange rate appreciation , and some reserve accumulation should be complemented with strengthened prudential measures for example , loan to value ratios , funding composition restrictions",inflow raise macro concern macroeconomic policy example adjust policy mix exchange rate appreciation reserve accumulation should be complement strengthened prudential measure example loan value ratio fund composition restriction
124,0.0,0.0,"To secure a strong and durable recovery , policies need a decisive upgrade",secure strong durable recovery policy need decisive upgrade
125,0.0,0.0,Prudential authorities will need to be watchful of risks flowing from low interest rates,Prudential authority will need be watchful risk flow low interest rate
126,0.0,0.0,"where inflation is still relatively high , or",inflation be high
127,0.0,0.0,"Furthermore , fiscal policy adjustment typically has a long lead time relative to monetary policy",fiscal policy adjustment have long lead time relative monetary policy
128,0.0,0.0,that can deter the willingness to lend,can deter willingness lend
129,0.0,0.0,"that low inflation would pose challenges to central banks , although to a different degree",low inflation would pose challenge central bank different degree
130,0.0,0.0,"and pursue structural reforms to boost jobs and growth , with the appropriate policy mix depending on their respective circumstances",pursue structural reform boost job growth appropriate policy mix depend respective circumstance
131,0.0,0.0,which has reduced European bank demand for dollar funding,have reduce european bank demand dollar funding
132,0.0,0.0,"Central bank purchases of assets , refinancing operations , and other interventions in financial markets are helping to reduce funding costs and strengthen confidence , but there may be worsening tradeoffs , including credit misallocation",Central bank purchase asset refinance operation other intervention financial market be help reduce funding cost strengthen confidence may be worsen tradeoff include credit misallocation
133,0.0,0.0,additional spending could boost potential growth and create positive transitional spillovers for others,additional spending could boost potential growth create positive transitional spillover other
134,0.0,1.0,The strengthening of activity in advanced economies and looming normalization of monetary policy in some implies,strengthening activity advanced economy loom normalization monetary policy imply
135,0.0,0.0,which has proven essential in coping with volatile financial conditions in the past,have prove essential cope volatile financial condition past
136,1.0,0.0,"There monetary policy tightening is needed , along with greater exchange rate flexibility and the use of macroprudential tools",monetary policy tightening be need greater exchange rate flexibility use macroprudential tool
137,0.0,0.0,although coordination on some specific fronts is desirable,coordination specific front be desirable
138,0.0,0.0,"The expected boost in economic activity from lower oil prices has not materialized , and lower energy costs are keeping inflation low",expect boost economic activity lower oil price have materialize lower energy cost be keep inflation low
139,0.0,0.0,The reform agenda is unfinished and needs to be reinvigorated to strengthen the global financial system,reform agenda be unfinished need be reinvigorate strengthen global financial system
140,0.0,0.0,Some will have to strengthen their monetary frameworks to avert the possibility,will have strengthen monetary framework avert possibility
141,0.0,0.0,"Circumstances vary across emerging markets , but many should act to restore fiscal buffers over time , use monetary policy to guard against downside risks , and rely on measures to safeguard financial stability",circumstance vary emerge market many should act restore fiscal buffer time use monetary policy guard downside risk rely measure safeguard financial stability
142,0.0,0.0,"Where monetary policy is becoming over burdened , domestic policy coordination can help to make macroeconomic support effective",monetary policy be become burden domestic policy coordination can help make macroeconomic support effective
143,0.0,0.0,"In all but the most vulnerable countries , automatic stabilizers should be allowed to operate fully and ,",vulnerable country automatic stabilizer should be allow operate
144,0.0,0.0,is the top priority for the euro area,be top priority euro area
145,0.0,0.0,although this line has become thin,line have become thin
146,0.0,0.0,"As recent turbulences have shown , economies with deteriorating macroeconomic imbalances , larger external funding requirements relative to reserves and lower policy credibility see more volatility",recent turbulence have show economy deteriorate macroeconomic imbalance larger external funding requirement relative reserve lower policy credibility see more volatility
147,0.0,0.0,But public capital injections may also be necessary,public capital injection may be necessary
148,0.0,0.0,"Insufficient progress with repair and reform is weighing on credit , and slowing the normalization of monetary and fiscal policies , with adverse spillovers on emerging economies",insufficient progress repair reform be weigh credit slow normalization monetary fiscal policy adverse spillover emerge economy
149,0.0,0.0,"Where demand is still lacking , there is scope for macroeconomic policies to help growth while advancing the impact of structural reforms",demand be lack be scope macroeconomic policy help growth advance impact structural reform
150,0.0,0.0,as needed to counter inflationary risks and maintain price stability,need counter inflationary risk maintain price stability
151,1.0,1.0,This would allow for monetary policy to be tightened more gradually or by less than otherwise required,would allow monetary policy be tighten less require
152,0.0,0.0,inflation expectations remain well anchored,inflation expectation remain anchor
153,0.0,0.0,"In many emerging markets , financial market reforms have the potential to assist the effective transmission of monetary policies while allowing for sustainable credit expansions",many emerge market financial market reform have potential assist effective transmission monetary policy allow sustainable credit expansion
154,0.0,1.0,emerging economies should rebuild policy buffers,emerge economy should rebuild policy buffer
155,0.0,0.0,"Following the IMF 's Article IV policy advice , countries with negative output gaps",follow IMF Article policy advice country negative output gap
156,0.0,0.0,fiscal stimulus longer than needed has obvious and immediate consequences for debt accumulation,fiscal stimulus longer need have obvious immediate consequence debt accumulation
157,0.0,0.0,where there are risks of overheating in some sectors such as real estate .,be risk overheate sector such real estate
158,1.0,0.0,while others may have to take measures to gradually tighten financial conditions,other may have take measure tighten financial condition
159,0.0,0.0,if core inflation picks up,core inflation pick
160,0.0,1.0,Policymakers in Brazil should begin unwinding monetary stimulus,policymaker Brazil should begin unwind monetary stimulus
161,1.0,1.0,"Where still high inflationary pressures persist , including from supply bottlenecks for example , Brazil , India , and Indonesia , the scope for easing the monetary stance may be very limited or it may need to be tightened",high inflationary pressure persist include supply bottleneck example Brazil India Indonesia scope ease monetary stance may be limited may need be tighten
162,0.0,0.0,Other helpful measures include adjusting the composition of spending toward public investment and moving the revenue structure toward indirect and other taxes relatively less detrimental to growth,other helpful measure include adjust composition spending public investment move revenue structure indirect other tax detrimental growth
163,0.0,0.0,"reducing interest rates is not an attractive option ,",reduce interest rate be attractive option
164,0.0,0.0,"Where interest rates are at or near their effective lower bounds , fiscal policy must play a larger role",interest rate be effective lower bound fiscal policy must play larger role
165,0.0,0.0,unless they translate into second round effects in wage and price settings for example a persistent decline in longer term inflation expectations,translate second round effect wage price setting example persistent decline longer term inflation expectation
166,0.0,1.0,the challenge is to manage exit from exceptionally accommodative monetary policies,challenge be manage exit accommodative monetary policy
167,0.0,0.0,and debt management measures should commence as soon,debt management measure should commence
168,0.0,0.0,"In the euro area building on OMT and ESM activation , further action is also needed to strengthen banks , address structural shortcomings and complete EMU",euro area building omt esm activation further action be need strengthen bank address structural shortcoming complete emu
169,0.0,0.0,for them and their banks provided via the ESM would relieve funding pressures and break the adverse feedback loops between sovereigns and banks,bank provide ESM would relieve funding pressure break adverse feedback loop sovereign bank
170,0.0,0.0,"this objective will require meeting the onerous challenges to fiscal sustainability , normalizing monetary policy carefully withdrawing financial sector support , and avoiding policy inconsistencies across countries , as well as in the policy mix",objective will require meet onerous challenge fiscal sustainability normalize monetary policy withdraw financial sector support avoid policy inconsistency country policy mix
171,0.0,0.0,when fiscal retrenchment begins,fiscal retrenchment begin
172,0.0,0.0,"To avoid the risk of a hard landing and lower their exposure to capital flow reversals ,",avoid risk hard landing lower exposure capital flow reversal
173,0.0,0.0,"Short-term demand support still has an important part to play in advanced economies , but needs greater emphasis on fiscal policies",short-term demand support have important part play advanced economy need greater emphasis fiscal policy
174,0.0,0.0,"To tackle structural imbalances , advanced",tackle structural imbalance advance
175,0.0,0.0,"In order to enhance the credibility of the exercise and make it easier to raise private capital , greater clarity is needed on the availability of public backstops as safety nets",order enhance credibility exercise make easier raise private capital greater clarity be need availability public backstop safety net
176,0.0,0.0,where there is still cyclical slack,be cyclical slack
177,0.0,0.0,as output gaps are large and fiscal consolidation will continue,output gap be large fiscal consolidation will continue
178,0.0,0.0,"The recent additional monetary easing is welcome , and further progress is needed in addressing structural weaknesses and improving the quality of fiscal adjustment",recent additional monetary easing be welcome further progress be need address structural weakness improve quality fiscal adjustment
179,0.0,1.0,Monetary policy should continue to aid recovery,Monetary policy should continue aid recovery
180,1.0,0.0,"China should build on recent efforts to address financial vulnerabilities by continuing regulatory/supervisory tightening , greater recognition of bad assets , more credit allocation , and gradually reducing monetary policy accommodation",China should build recent effort address financial vulnerability continue regulatory/supervisory tightening greater recognition bad asset more credit allocation reduce monetary policy accommodation
181,0.0,0.0,In such cases the combination of temporary macroeconomic support by credible policy frameworks with structural reforms can deliver more than the sum of its parts,such case combination temporary macroeconomic support credible policy framework structural reform can deliver more sum part
182,0.0,1.0,"In economies with broadly balanced external positions , monetary tightening may be complicated ,",economy balanced external position monetary tightening may be complicate
183,0.0,0.0,in order to avoid disorderly exchange rate moves or triggering capital outflows,order avoid disorderly exchange rate move trigger capital outflow
184,0.0,0.0,as private demand begins recovering,private demand begin recover
185,0.0,0.0,as exchange rate depreciation could feed into inflation expectations and lead to a worsening inflation outlook .,exchange rate depreciation could feed inflation expectation lead worsen inflation outlook
186,0.0,0.0,"the growth potential of the economy , including by enhancing infrastructure investment , provided",growth potential economy include enhance infrastructure investment provide
187,0.0,0.0,Capital inflows may require adjustments to the policy mix,Capital inflow may require adjustment policy mix
188,0.0,0.0,"Major central banks have acted aggressively , easing policy rates to near zero and using their balance sheets to directly support intermediation",major central bank have act ease policy rate use balance sheet support intermediation
189,0.0,0.0,"Addressing corporate and bank vulnerabilities is a priority in many countries , including in several emerging economies and the euro area ,",address corporate bank vulnerability be priority many country include several emerge economy euro area
190,1.0,1.0,Monetary policy : maintain accommodation,Monetary policy maintain accommodation
191,0.0,0.0,as unemployment remains high and labor force participation below trends,unemployment remain high labor force participation trend
192,0.0,0.0,in order to further enhance the monetary policy transmission,order enhance monetary policy transmission
193,0.0,0.0,"In the United States , lower oil prices contribute positively to the recovery and there is a strong case to abstract from the effects of temporary oil supply shocks",United States lower oil price contribute recovery be strong case abstract effect temporary oil supply shock
194,0.0,0.0,"A number of these economies , notably in Asia , are already enjoying relatively vigorous rebounds of activity",number economy Asia be enjoy vigorous rebound activity
195,0.0,0.0,as inflation expectations remain,inflation expectation remain
196,1.0,1.0,"With inflation still elevated , monetary tightening may have to be stepped up",inflation elevated monetary tightening may have be step
197,0.0,0.0,"However , reserve stockpiles have been reduced , leaving less room for maneuver",reserve stockpile have be reduce leave less room maneuver
198,0.0,0.0,in order to securely anchor inflation expectations,order anchor inflation expectation
199,0.0,0.0,Monetary authorities need to prevent such rises from generating successive increases,Monetary authority need prevent such rise generate successive increase
200,0.0,0.0,"The recent large expansion of central bank balance sheets is mirrored in the growth of bank reserves ,",recent large expansion central bank balance sheet be mirror growth bank reserve
201,0.0,0.0,"In the United States , while underlying growth has been relatively robust , there is still a long way to go on the labor market ,",United States underlie growth have be robust be long way go labor market
202,0.0,0.0,"for which room exists , and ,",room exist
203,0.0,0.0,if needed,need
204,0.0,0.0,The IMF prepared detailed recommendations along these lines on the occasion of the Finance Ministers and Central Bank Governors ' Meetings in July 2016,IMF prepare detailed recommendation line occasion Finance Ministers Central Bank Governors meeting July
205,0.0,0.0,"In Brazil , an appropriate macroeconomic policy mix and restored",Brazil appropriate macroeconomic policy mix restore
206,0.0,0.0,"as is more common , authorities will have to react faster and more strongly .",be common authority will have react faster
207,0.0,0.0,"In some economies Brazil , India , Turkey , maintaining the course of fiscal consolidation is critical , given large fiscal deficits and high inflation in some cases , and high external borrowing",economy Brazil India Turkey maintain course fiscal consolidation be critical give large fiscal deficit high inflation case high external borrowing
208,0.0,0.0,"Following a long period of low rates , excessive may have built in some sectors credit booms in a number of smaller advanced economies and the underpricing of risks in certain segments of United States financial markets",follow long period low rate excessive may have build sector credit boom number smaller advanced economy underpricing risk certain segment United States financial market
209,1.0,0.0,"If downside risks materialize , the Federal Reserve , Bank of England , and Bank of Japan should stand ready to expand unconventional support",downside risk materialize Federal Reserve Bank England Bank Japan should stand ready expand unconventional support
210,0.0,0.0,"Brazil continues to face a considerable inflation challenge , with inflation exceeding the upper limit of the inflation target band ,",Brazil continue face considerable inflation challenge inflation exceed upper limit inflation target band
211,0.0,0.0,"Finally , communication should focus on the overarching goal of achieving the inflation target in a stable manner through a more transparent presentation of the BoJ 's forecast and underlying assumptions",communication should focus overarching goal achieve inflation target stable manner transparent presentation boj forecast underlie assumption
212,0.0,0.0,"where current account deficits are widening , with monetary policy remaining the first line of defense",current account deficit be widen monetary policy remain first line defense
213,0.0,0.0,"However , if the economy is at risk of overheating and there are inflationary pressures , reducing",economy be risk overheating be inflationary pressure reduce
214,0.0,0.0,Supporting growth and creating jobs is the main challenge in the major advanced economies,support growth create job be main challenge major advanced economy
215,1.0,0.0,Interest rates will need to be raised,interest rate will need be raise
216,0.0,0.0,Advanced economies should strengthen regulation and supervision of financial activities outside the banking system,Advanced economy should strengthen regulation supervision financial activity banking system
217,0.0,0.0,while the pace of normalization in the United States,pace normalization United States
218,0.0,1.0,Countries should continue to rebuild monetary and fiscal policy space,country should continue rebuild monetary fiscal policy space
219,0.0,0.0,"Advanced economies should maintain supportive policies , given still substantial output gaps and inflation",Advanced economy should maintain supportive policy give substantial output gap inflation
220,0.0,0.0,Japan 's newly announced easing measures to achieve a new 2 percent inflation target within 2 years are welcome,Japan be announce ease measure achieve new percent inflation target year be welcome
221,0.0,0.0,"Excessive may be building in some sectors United States corporate credit and insurance markets , housing price booms in a number of smaller advanced economies after more than five years of exceptionally low rates see annex",excessive may be build sector United States corporate credit insurance market housing price boom number smaller advanced economy more year low rate see annex
222,0.0,0.0,"An effective monetary policy communication strategy will remain essential , particularly in an environment of higher financial market volatility",effective monetary policy communication strategy will remain essential environment higher financial market volatility
223,0.0,0.0,"One such option could be a longer term LTRO combined with a review of current collateral policies , particularly on loans to SMEs",such option could be longer term ltro combine review current collateral policy loan sme
224,0.0,0.0,"Several countries have already cut policy rates in response to the recent weakness in activity for example , India , Korea",several country have cut policy rate response recent weakness activity example India Korea
225,0.0,0.0,"Global imbalances have narrowed sharply after the crisis , reflecting some painful corrections and cyclical factors see chart",global imbalance have narrow crisis reflect painful correction cyclical factor see chart
226,0.0,0.0,"Along with addressing sovereign tensions , removing uncertainty about the resilience of banks",address sovereign tension remove uncertainty resilience bank
227,0.0,0.0,and greater confidence in policymakers ' ability to act decisively,greater confidence policymaker ability act
228,0.0,0.0,"For some countries , using fiscal policy to contain",country use fiscal policy contain
229,0.0,0.0,Comprehensive and ambitious consolidation plans and entitlement reform are instrumental given tradeoffs facing fiscal policy,Comprehensive ambitious consolidation plan entitlement reform be instrumental give tradeoff face fiscal policy
230,0.0,0.0,There is also room to expand the Loan Support Program,be room expand loan support program
231,0.0,0.0,reducing credit spreads in the periphery is essential to improve the transmission of monetary policy as well as foster sustainable growth,reduce credit spread periphery be essential improve transmission monetary policy foster sustainable growth
232,0.0,0.0,Monetary policy in emerging economies has to balance the need to support demand against the risk of exacerbating capital outflows or deteriorating credit quality,Monetary policy emerge economy have balance need support demand risk exacerbate capital outflow deteriorate credit quality
233,0.0,0.0,"to support growth remains limited , but lower",support growth remain limited lower
234,0.0,0.0,as needed,need
235,0.0,0.0,"that infrastructure needs have been identified , there is slack in the economy , monetary policy is accommodative , investment processes are relatively efficient , and ratios are not already high",infrastructure need have be identify be slack economy monetary policy be accommodative investment process be efficient ratio be high
236,0.0,0.0,"The unwinding of medium and asset purchases is likely to be more gradual , and new instruments may be required to liquidity in a manner",unwind medium asset purchase be likely be gradual new instrument may be require liquidity manner
237,0.0,0.0,which may include wage moderation in line with productivity growth,may include wage moderation line productivity growth
238,0.0,0.0,Structural reforms are needed to raise potential output in both advanced and emerging economies,structural reform be need raise potential output advanced emerge economy
239,0.0,0.0,"In the euro area , policies should support individual countries ' efforts to repair public and private balance sheets and implement structural reforms to restore competitiveness",euro area policy should support individual country effort repair public private balance sheet implement structural reform restore competitiveness
240,0.0,0.0,"This risk is limited over the near term ,",risk be limit near term
241,0.0,0.0,when deployed within coherent frameworks,deploy coherent framework
242,0.0,0.0,"In the euro area , restoring the transmission channel requires addressing counterparty risk in the interbank market and the redenomination risk",euro area restore transmission channel require address counterparty risk interbank market redenomination risk
243,0.0,0.0,It should also consider providing stronger guidance to markets by moving to more monetary policy communication to increase the transparency of its assessment of inflation prospects and strengthen the signal of its commitment to the inflation target,should consider provide stronger guidance market move more monetary policy communication increase transparency assessment inflation prospects strengthen signal commitment inflation target
244,0.0,0.0,which illustrates the benefits of recalibrating the policy mix across both surplus and deficit countries see IMF 2017 External Sector Report,illustrate benefit recalibrate policy mix surplus deficit country see IMF External Sector Report
245,0.0,0.0,"At the same time , the design of fiscal policy should support growth , including by enhancing infrastructure investment see Annex",same time design fiscal policy should support growth include enhance infrastructure investment see Annex
246,0.0,0.0,The overall pace of policy adjustment and removal of financial support will depend on the strength of recovery in private demand in each country and enduring financial stability,overall pace policy adjustment removal financial support will depend strength recovery private demand country endure financial stability
247,0.0,0.0,"In the United States and the United Kingdom , where the recovery is stronger",United States United Kingdom recovery be stronger
248,0.0,0.0,"as needed , are essential to limit financial risks",need be essential limit financial risk
249,0.0,0.0,"that seek to insulate domestic markets from high world prices for example , export bans or subsidies ,",seek insulate domestic market high world price example export ban subsidy
250,0.0,0.0,"For these measures to succeed , they need to be supported by growth and fiscal reforms",measure succeed need be support growth fiscal reform
251,0.0,0.0,"where the growth outlook is very weak , unemployment is high , and inflation is projected well below the 2 percent target",growth outlook be weak unemployment be high inflation be project percent target
252,0.0,0.0,"Some reforms have more potential to boost demand in the short term , such as those",reform have potential boost demand short term such
253,0.0,0.0,that are already witnessing relatively vigorous rebounds of activity,be witness vigorous rebound activity
254,0.0,0.0,which would be self-defeating,would be self-defeating
255,0.0,0.0,Reducing uncertainties surrounding `` Brexit '' would help reduce the risk of a protracted tightening of financial conditions,reduce uncertainty surround Brexit would help reduce risk protracted tightening financial condition
256,0.0,0.0,"Further actions could include longer term LTROs possibly targeted to SMEs , and further rate cuts , including mildly negative deposit rates , to support demand and reduce fragmentation",further action could include longer term ltros target sme further rate cut include negative deposit rate support demand reduce fragmentation
257,0.0,0.0,"while exceptional monetary accommodation , including through UMP , continues to provide important support to the recovery , potential side effects should be monitored closely and addressed",exceptional monetary accommodation include ump continue provide important support recovery potential side effect should be monitor address
258,0.0,0.0,particularly if the financial system remains vulnerable and prone to adverse shocks,financial system remain vulnerable prone adverse shock
259,1.0,1.0,"Minimal room remains to lower policy rates in key advanced economies , except the euro area , and monetary transmission may be hindered by the state of the financial sector",minimal room remain lower policy rate key advanced economy euro area monetary transmission may be hinder state financial sector
260,0.0,0.0,One of the key lessons from experiences of similar crises is,key lesson experience similar crisis be
261,0.0,0.0,if needed,need
262,0.0,0.0,"Policy rates in major advanced economies are exceptionally low , and markets expect them to remain low for an extended period",policy rate major advanced economy be low market expect remain low extended period
263,0.0,0.0,"Vulnerabilities are currently masked by unusually accommodative monetary conditions , but the window of opportunity to prepare the financial system against potential systemic shocks could close unexpectedly",vulnerability be mask accommodative monetary condition window opportunity prepare financial system potential systemic shock could close
264,0.0,0.0,"Concern about asset values and risky exposures should be addressed by forcing banks to build capital buffers ,",concern asset value risky exposure should be address force bank build capital buffer
265,0.0,0.0,"with inflation still above target in some economies , and fiscal positions weaker than desirable in others",inflation target economy fiscal position weaker desirable other
266,1.0,1.0,"Where room exists , policy rates should be cut further",room exist policy rate should be cut
267,0.0,0.0,"that further declines in inflation , even if temporary , may lead to additional downdraft in inflation expectations and rising real interest rates",further decline inflation temporary may lead additional downdraft inflation expectation rise real interest rate
268,0.0,1.0,With the exception of the ECB which cut its refinancing rate further by 25 basis points to one percent in early May,exception ecb cut refinancing rate basis point percent early May
269,0.0,1.0,The breathing space provided by exceptionally accommodative monetary policies should be used by authorities to tackle underlying issues,breathing space provide accommodative monetary policy should be use authority tackle underlie issue
270,1.0,0.0,The monetary policy stance needs to remain tight to ensure a durable reduction in inflation and inflation expectations,monetary policy stance need remain tight ensure durable reduction inflation inflation expectation
