index,sentence_x,subsentence_detail,monetary_policy,monetary_score,monetary_view_score,tense,sentence_y,hirose_san_score,hirose_san_topic,select,match_score,match_view
20150904_1_6_1_1,Structural reforms are needed to raise potential output in both advanced and emerging economies,0.0,False,0,0,0,Structural reforms are needed to raise potential output in both advanced and emerging economies,0.0,0.0,0.00605539873970351,1,1
20150209_1_13_1_1,The unbalanced recovery across economies suggests,0.0,False,0,0,0,The unbalanced recovery across economies suggests,0.0,0.0,0.0068065740689771115,1,1
20140219_1_10_1_1,A sound execution of the AQR and stress tests will be a key step toward reducing uncertainty about the health of banks and enabling balance sheet repair,0.0,False,0,0,0,A sound execution of the AQR and stress tests will be a key step toward reducing uncertainty about the health of banks and enabling balance sheet repair,0.0,0.0,0.010441902453201757,1,1
20130221_1_14_1_3,inflation expectations remain well anchored,0.0,False,0,0,0,inflation expectations remain well anchored,0.0,0.0,0.015296516534056726,1,1
20110709_1_21_1_3,"as is more common , authorities will have to react faster and more strongly .",0.0,False,0,0,0,"as is more common , authorities will have to react faster and more strongly .",0.0,0.0,0.01593895068036455,1,1
20100227_1_12_1_1,"Hence , on balance fiscal consolidation should generally take priority , all else given",0.0,False,0,0,0,"Hence , on balance fiscal consolidation should generally take priority , all else given",0.0,0.0,0.017904180235598588,1,1
20170705_1_4_1_3,while at the same time having positive spillovers to other euro area economies,0.0,False,0,0,0,while at the same time having positive spillovers to other euro area economies,0.0,0.0,0.019281798039891496,1,1
20150209_1_33_1_1,Efforts to increase revenue mobilization and improve expenditure prioritization should continue,0.0,False,0,0,0,Efforts to increase revenue mobilization and improve expenditure prioritization should continue,0.0,0.0,0.019508403547986775,1,1
20140917_1_7_1_2,which is made difficult by uncertainties about the cyclical position and monetary transmission,0.0,False,0,0,0,which is made difficult by uncertainties about the cyclical position and monetary transmission,0.0,0.0,0.020020910061754216,1,1
20140917_1_35_1_1,"Specifically : In Brazil , slowing economic conditions will make it difficult to achieve the original budget targets for 2014",0.0,False,0,0,0,"Specifically : In Brazil , slowing economic conditions will make it difficult to achieve the original budget targets for 2014",0.0,0.0,0.020769453781090963,1,1
20160721_1_23_1_1,The quality of fiscal consolidation in India should be improved through a comprehensive tax reform such as introducing the goods and services tax and improving tax administration and measures to further reduce subsidies,0.0,False,0,0,0,The quality of fiscal consolidation in India should be improved through a comprehensive tax reform such as introducing the goods and services tax and improving tax administration and measures to further reduce subsidies,0.0,0.0,0.02153809313931243,1,1
20111015_1_5_1_1,"Building bank capital buffers will help to achieve this by breaking the adverse feedback loop between rising sovereign spreads , deteriorating bank funding , and flagging activity",0.0,False,0,0,0,"Building bank capital buffers will help to achieve this by breaking the adverse feedback loop between rising sovereign spreads , deteriorating bank funding , and flagging activity",0.0,0.0,0.02172748662956525,1,1
20160226_4_11_1_2,policy frameworks are imperative for a turnaround in confidence and investment,0.0,False,0,0,0,policy frameworks are imperative for a turnaround in confidence and investment,0.0,0.0,0.0290572552129873,1,1
20151115_1_12_1_1,"Accommodative monetary policies should be accompanied by efforts to strengthen balance sheets and credit supply , and by active macroprudential measures",,True,1,1,past,"Accommodative monetary policies should be accompanied by efforts to strengthen balance sheets and credit supply , and by active macroprudential measures",0.0,0.0,0.029922383357475213,0,0
20140917_1_32_1_1,"Exchange rate flexibility , alongside credible macroeconomic policies and frameworks , has also proven to be an essential tool in coping with volatile capital flows",0.0,False,0,0,0,"Exchange rate flexibility , alongside credible macroeconomic policies and frameworks , has also proven to be an essential tool in coping with volatile capital flows",0.0,0.0,0.032825081548578106,1,1
20140219_1_12_1_4,where debt dynamics are a concern and fiscal space is limited,0.0,False,0,0,0,where debt dynamics are a concern and fiscal space is limited,0.0,0.0,0.0340271842551394,1,1
20151115_1_29_1_1,"Episodes of volatile capital flows and exchange rates , along with continuing precautionary reserve accumulation , also suggest the need for further collective efforts to strengthen the IMS",0.0,False,0,0,0,"Episodes of volatile capital flows and exchange rates , along with continuing precautionary reserve accumulation , also suggest the need for further collective efforts to strengthen the IMS",0.0,0.0,0.03447370119795101,1,1
20160721_1_26_1_1,"Even as vulnerabilities are addressed , emerging economies",0.0,False,0,0,0,"Even as vulnerabilities are addressed , emerging economies",0.0,0.0,0.03484416772671228,1,1
20100604_1_2_1_2,demand pressures may be preferable,0.0,False,0,0,0,demand pressures may be preferable,0.0,0.0,0.035428827683142594,1,1
20110415_1_10_1_1,"In emerging economies , monetary policy may need to respond more sensitively to first-round inflation shocks from higher commodity prices due to higher pass-through mainly for food prices , less so for energy , less well-anchored inflation expectations , and economies",,True,1,1,future,"In emerging economies , monetary policy may need to respond more sensitively to first-round inflation shocks from higher commodity prices due to higher pass-through mainly for food prices , less so for energy , less well-anchored inflation expectations , and economies",-1.0,1.0,0.035514469319631314,0,0
20130719_1_5_1_1,Monetary policy needs to remain accommodative,,True,1,1,present,Monetary policy needs to remain accommodative,0.0,1.0,0.03656109206545488,0,0
20100604_1_3_1_2,"where debt levels are relatively low , monetary tightening and exchange rate adjustment would be more appropriate than fiscal tightening .",,True,-1,-1,future,"where debt levels are relatively low , monetary tightening and exchange rate adjustment would be more appropriate than fiscal tightening .",-1.0,1.0,0.04278500639897376,1,1
20100227_1_9_1_2,"which can be reversed quickly , has few obvious direct downsides",0.0,False,0,0,0,"which can be reversed quickly , has few obvious direct downsides",0.0,0.0,0.04318886013167689,1,1
20130418_1_9_2_2,that benefits Japan and other economies,0.0,False,0,0,0,that benefits Japan and other economies,0.0,0.0,0.04379779652845728,1,1
20140219_1_17_1_1,"In the euro area , the overall fiscal stance planned for 2014 is neutral ",0.0,False,0,0,0,"In the euro area , the overall fiscal stance planned for 2014 is neutral ,",0.0,0.0,0.044166927089683616,1,1
20140917_1_25_1_1,This strikes the right balance between demand support and debt reduction,0.0,False,0,0,0,This strikes the right balance between demand support and debt reduction,0.0,0.0,0.04424862608822855,1,1
20151115_1_19_1_1,Stricter treatment of nonperforming loans and measures to improve insolvency and foreclosure procedures are a priority in this regard,0.0,False,0,0,0,Stricter treatment of nonperforming loans and measures to improve insolvency and foreclosure procedures are a priority in this regard,0.0,0.0,0.0461806525254953,1,1
20110218_1_1_1_1,Repair and reform of financial systems critical to the normalization of credit conditions in several countries and to prevent contagion needs to be accelerated,0.0,False,0,0,0,Repair and reform of financial systems critical to the normalization of credit conditions in several countries and to prevent contagion needs to be accelerated,0.0,0.0,0.0479615551192446,1,1
20130719_1_9_1_1,"One such option could be a longer term LTRO combined with a review of current collateral policies , particularly on loans to SMEs",0.0,False,0,0,0,"One such option could be a longer term LTRO combined with a review of current collateral policies , particularly on loans to SMEs",0.0,0.0,0.0481847642292772,1,1
20160226_4_6_1_1,"While net commodity importers benefit from reduced inflation pressures and external vulnerabilities , the scope for monetary policy easing could be limited in a context tighter external financing conditions",,True,-1,-1,past,"While net commodity importers benefit from reduced inflation pressures and external vulnerabilities , the scope for monetary policy easing could be limited in a context tighter external financing conditions",0.0,0.0,0.04863474818402025,0,0
20130905_1_5_1_1,"Widespread financial , fiscal , and structural impediments need to be addressed to bolster growth and financial stability",0.0,False,0,0,0,"Widespread financial , fiscal , and structural impediments need to be addressed to bolster growth and financial stability",0.0,0.0,0.048788048404383,1,1
20160226_4_11_1_1,"In Brazil , an appropriate macroeconomic policy mix and restored",0.0,False,0,0,0,"In Brazil , an appropriate macroeconomic policy mix and restored",0.0,0.0,0.054085652452791955,1,1
20100227_1_20_1_1,"In economies with broadly balanced external positions , monetary tightening may be complicated ",,True,0,0,past,"In economies with broadly balanced external positions , monetary tightening may be complicated ,",0.0,0.0,0.05432231327888426,1,1
20150209_1_36_1_1,Sustaining the recovery will require structural reforms to raise potential growth along with demand support .,0.0,False,0,0,0,Sustaining the recovery will require structural reforms to raise potential growth along with demand support .,0.0,0.0,0.05516783034536821,1,1
20120225_1_11_1_3,"as needed , further unconventional measures",,True,0,0,past,"as needed , further unconventional measures",0.0,0.0,0.055321609560272766,1,1
20111015_1_12_1_1,Monetary policy : maintain accommodation,0.0,False,0,0,0,Monetary policy : maintain accommodation,1.0,1.0,0.055650388390548144,0,0
20100904_1_20_1_1,Monetary policy has remained highly accommodative in many economies,0.0,False,0,0,0,Monetary policy has remained highly accommodative in many economies,0.0,0.0,0.056057414564567476,1,1
20141115_1_4_1_1,The timing of the policy rate increase should be attuned to inflation and labor market developments,,True,-1,-1,future,The timing of the policy rate increase should be attuned to inflation and labor market developments,0.0,1.0,0.05626854310633611,0,0
20090708_1_21_1_2,that inflation could rise rapidly,0.0,False,0,0,0,that inflation could rise rapidly,0.0,0.0,0.05644553397921814,1,1
20160721_1_8_1_1,"Over the medium run , priority should be given to completing the banking union , strengthening the single market , and moving closer to a fiscal union",0.0,False,0,0,0,"Over the medium run , priority should be given to completing the banking union , strengthening the single market , and moving closer to a fiscal union",0.0,0.0,0.05775204205065387,1,1
20130719_1_26_1_1,"Several countries have already cut policy rates in response to the recent weakness in activity for example , India , Korea",0.0,False,0,0,0,"Several countries have already cut policy rates in response to the recent weakness in activity for example , India , Korea",0.0,0.0,0.058477404258863386,1,1
20101021_1_4_1_2,regulatory uncertainty will strengthen financial systems and help catalyze rapid growth,0.0,False,0,0,0,regulatory uncertainty will strengthen financial systems and help catalyze rapid growth,0.0,0.0,0.058805208060836556,1,1
20110218_1_2_1_2,while unviable business models need to be unwound,0.0,False,0,0,0,while unviable business models need to be unwound,0.0,0.0,0.06013175135024362,1,1
20100904_1_2_1_1,Policies need to accelerate the rebalancing of demand from public to private sources in advanced economies and from external deficit to surplus economies,0.0,False,0,0,0,Policies need to accelerate the rebalancing of demand from public to private sources in advanced economies and from external deficit to surplus economies,0.0,0.0,0.06265533296068371,1,1
20150209_1_27_1_2,that has increased exposure to external funding risks in others,0.0,False,0,0,0,that has increased exposure to external funding risks in others,0.0,0.0,0.06708269803230815,1,1
20100604_1_2_1_3,if tighter monetary conditions risk exacerbating pressures from capital inflows,0.0,False,0,0,0,if tighter monetary conditions risk exacerbating pressures from capital inflows,0.0,0.0,0.06796013066465811,1,1
20150904_1_27_1_3,as exchange rate depreciation could feed into inflation expectations and lead to a worsening inflation outlook .,0.0,False,0,0,0,as exchange rate depreciation could feed into inflation expectations and lead to a worsening inflation outlook .,0.0,0.0,0.0704167275359936,1,1
20091107_1_4_1_1,"The scale of fiscal adjustment required is large to ensure debt sustainability and to restore room for policy maneuver , particularly in advanced economies",0.0,False,0,0,0,"The scale of fiscal adjustment required is large to ensure debt sustainability and to restore room for policy maneuver , particularly in advanced economies",0.0,0.0,0.07194175881578357,1,1
20130905_1_14_1_1,"Additional unconventional monetary support targeted long term refinancing operations , lower collateral haircuts could also help reduce fragmentation and restore monetary transmission",,True,1,1,future,"Additional unconventional monetary support targeted long term refinancing operations , lower collateral haircuts could also help reduce fragmentation and restore monetary transmission",1.0,1.0,0.07226077353659899,1,1
20120225_1_9_1_1,Targeted programs to ease,0.0,False,0,0,0,Targeted programs to ease,0.0,0.0,0.07243077485215443,1,1
20090903_1_31_1_2,which will need to be mopped up,0.0,False,0,0,0,which will need to be mopped up,0.0,0.0,0.07427668079485372,1,1
20091107_1_12_1_2,when fiscal retrenchment begins,0.0,False,0,0,0,when fiscal retrenchment begins,0.0,0.0,0.07457641009422489,1,1
20150904_1_3_1_1,"In advanced economies , accommodative monetary policy remains essential",,True,1,1,present,"In advanced economies , accommodative monetary policy remains essential",0.0,1.0,0.07554175725736112,0,0
20121105_1_14_1_1,"In Japan , further monetary easing may also be needed to reach the 1 percent inflation goal",,True,1,1,past,"In Japan , further monetary easing may also be needed to reach the 1 percent inflation goal",1.0,1.0,0.07749462576389887,1,1
20171006_3_1_1_1,External rebalancing should continue,0.0,False,0,0,0,External rebalancing should continue,0.0,0.0,0.07811187177571743,1,1
20091107_1_18_1_1,"In a number of emerging economies , by contrast , monetary policy may have to tighten sooner and might therefore be more synchronous with or even lead fiscal consolidation",,True,-1,-1,future,"In a number of emerging economies , by contrast , monetary policy may have to tighten sooner and might therefore be more synchronous with or even lead fiscal consolidation",-1.0,1.0,0.07903791652873071,1,1
20160226_4_5_1_1,"rate flexibility can usefully cushion the impact of adverse external shocks , provided",0.0,False,0,0,0,"rate flexibility can usefully cushion the impact of adverse external shocks , provided",0.0,0.0,0.07986554144727165,1,1
20090708_1_10_1_1,The Fund 's financial stress indices for the major advanced economies have all,0.0,False,0,0,0,The Fund 's financial stress indices for the major advanced economies have all,0.0,0.0,0.08064023703481649,1,1
20110218_1_5_1_1,"With inflationary expectations well anchored , accommodative monetary policy in major advanced economies remains appropriate for now",,True,1,1,present,"With inflationary expectations well anchored , accommodative monetary policy in major advanced economies remains appropriate for now",0.0,1.0,0.0814728816915139,0,0
20160721_1_25_1_2,that the effects of currency depreciations on balance sheets and domestic inflation rates are contained,0.0,False,0,0,0,that the effects of currency depreciations on balance sheets and domestic inflation rates are contained,0.0,0.0,0.08483723265488496,1,1
20130719_1_2_1_1,Supporting growth and creating jobs is the main challenge in the major advanced economies,0.0,False,0,0,0,Supporting growth and creating jobs is the main challenge in the major advanced economies,0.0,0.0,0.08489617288376239,1,1
20150904_1_26_1_2,if capital flow reversals materialize ,0.0,False,0,0,0,"if capital flow reversals materialize ,",0.0,0.0,0.08957797934054068,1,1
20171006_3_2_1_1,"While macroeconomic policies are but one determinant of the current account , they have contributed to maintain excess imbalances ",0.0,False,0,0,0,"While macroeconomic policies are but one determinant of the current account , they have contributed to maintain excess imbalances ,",0.0,0.0,0.09029801226512524,1,1
20160226_1_7_1_1,"To benefit most from the additional easing , it should be supported with fiscal , structural , and ambitious incomes policies",0.0,False,0,0,0,"To benefit most from the additional easing , it should be supported with fiscal , structural , and ambitious incomes policies",0.0,0.0,0.09274662440045967,1,1
20170705_1_4_1_2,it would also support external adjustment ,0.0,False,0,0,0,"it would also support external adjustment ,",0.0,0.0,0.09380504984760507,1,1
20150209_1_10_1_1,The boost to demand from lower oil prices is thus welcome,0.0,False,0,0,0,The boost to demand from lower oil prices is thus welcome,0.0,0.0,0.0940430347404384,1,1
20160721_1_5_1_2,should the impact of financial market turbulence and higher uncertainty threaten to materially weaken the global outlook,0.0,False,0,0,0,should the impact of financial market turbulence and higher uncertainty threaten to materially weaken the global outlook,0.0,0.0,0.09449798719523872,1,1
20090903_1_12_2_2,that policy tightening may be needed in some countries,,True,-1,-1,past,that policy tightening may be needed in some countries,-1.0,1.0,0.09578910155779141,1,1
20110218_1_6_1_1,"High unemployment and large output gaps are keeping wages and inflation expectations in the major advanced economies in check , notwithstanding large increases in food and energy prices",0.0,False,0,0,0,"High unemployment and large output gaps are keeping wages and inflation expectations in the major advanced economies in check , notwithstanding large increases in food and energy prices",0.0,0.0,0.09609240749090342,1,1
20130221_1_5_1_2,policy in the major advanced economies should remain accommodative,,True,1,1,future,policy in the major advanced economies should remain accommodative,0.0,0.0,0.09775432974362153,0,0
20160226_4_3_1_1,Those commodity exporters,0.0,False,0,0,0,Those commodity exporters,0.0,0.0,0.10194246986065947,1,1
20140219_1_21_1_1,"Credible macroeconomic policies and frameworks , alongside exchange rate flexibility are needed to weather the turbulence",0.0,False,0,0,0,"Credible macroeconomic policies and frameworks , alongside exchange rate flexibility are needed to weather the turbulence",0.0,0.0,0.10291765308835532,1,1
20100604_1_1_1_2,economies can start tightening policies now,,True,-1,-1,future,economies can start tightening policies now,-1.0,1.0,0.10961904366356812,1,1
20090903_1_1_1_1,"While approaches have differed , major central banks have acted effectively to support economic activity and credit creation",0.0,False,0,0,0,"While approaches have differed , major central banks have acted effectively to support economic activity and credit creation",0.0,0.0,0.10993093274713273,1,1
20150209_1_25_1_1,The scope to do so will require credible macroeconomic policies and frameworks ,0.0,False,0,0,0,"The scope to do so will require credible macroeconomic policies and frameworks ,",0.0,0.0,0.11118039648167255,1,1
20150209_1_26_1_1,"Nonetheless , some economies for example , Turkey",0.0,False,0,0,0,"Nonetheless , some economies for example , Turkey",0.0,0.0,0.11257663836523402,1,1
20130418_1_22_1_1,Economies with external surpluses should provide room for monetary tightening by allowing currencies to appreciate ,,True,0,0,future,"Economies with external surpluses should provide room for monetary tightening by allowing currencies to appreciate ,",0.0,0.0,0.1138607503926301,1,1
20091107_1_2_1_3,although coordination on some specific fronts is desirable,0.0,False,0,0,0,although coordination on some specific fronts is desirable,0.0,0.0,0.11417055114459318,1,1
20150904_1_13_1_2,the normalization is expected to be gradual,0.0,False,0,0,0,the normalization is expected to be gradual,0.0,0.0,0.11840322571657769,1,1
20160721_1_25_1_1,"rate flexibility can usefully cushion the impact of adverse external shocks , provided",0.0,False,0,0,0,"rate flexibility can usefully cushion the impact of adverse external shocks , provided",0.0,0.0,0.11860149381969265,1,1
20091107_1_15_1_2,"For most countries , the risks presented by keeping stimulus in place too long suggest",0.0,False,0,0,0,"For most countries , the risks presented by keeping stimulus in place too long suggest",0.0,0.0,0.12210401708990015,1,1
20140219_1_27_1_1,Policy priorities are thus for a coherent macroeconomic policy mix with a credible nominal anchor and good communication,0.0,False,0,0,0,Policy priorities are thus for a coherent macroeconomic policy mix with a credible nominal anchor and good communication,0.0,0.0,0.12231249529973565,1,1
20140917_1_34_1_1,Countries should continue to rebuild monetary and fiscal policy space,,True,0,0,future,Countries should continue to rebuild monetary and fiscal policy space,0.0,0.0,0.12386978012827554,1,1
20091107_1_10_1_1,Further advancing the process of financial restructuring and balance sheet repair including bank recapitalization remains a priority to achieve a healthy financial system,0.0,False,0,0,0,Further advancing the process of financial restructuring and balance sheet repair including bank recapitalization remains a priority to achieve a healthy financial system,0.0,0.0,0.12777930859036157,1,1
20140219_1_12_1_1,National authorities should commit to provide sufficient national backstops ,0.0,False,0,0,0,"National authorities should commit to provide sufficient national backstops ,",0.0,0.0,0.13302483841020207,1,1
20171006_4_1_1_1,the proposed adjustments to the policy mix would also contribute to more sustainable growth,0.0,False,0,0,0,the proposed adjustments to the policy mix would also contribute to more sustainable growth,0.0,0.0,0.13425293643476965,1,1
20140917_1_29_1_1,The focus of macroeconomic policies should remain on addressing vulnerabilities and rebuilding policy buffers,0.0,False,0,0,0,The focus of macroeconomic policies should remain on addressing vulnerabilities and rebuilding policy buffers,0.0,0.0,0.13520866291132982,1,1
20130221_1_15_1_3,where currencies are undervalued,0.0,False,0,0,0,where currencies are undervalued,0.0,0.0,0.1371480606064941,1,1
20130719_1_31_1_1,Policymakers should also address structural obstacles to continued high growth while rebuilding fiscal policy buffers,0.0,False,0,0,0,Policymakers should also address structural obstacles to continued high growth while rebuilding fiscal policy buffers,0.0,0.0,0.13890808709577807,1,1
20130418_1_3_1_2,that stabilizes and reduces debt even more urgent,0.0,False,0,0,0,that stabilizes and reduces debt even more urgent,0.0,0.0,0.13952505415043925,1,1
20140219_1_6_1_1,"There is scope for better cooperation on unwinding UMP , especially through wider central bank discussions of exit plans",0.0,False,0,0,0,"There is scope for better cooperation on unwinding UMP , especially through wider central bank discussions of exit plans",0.0,0.0,0.14026969493074548,1,1
20141115_1_3_1_3,"that protracted monetary support has raised financial stability concerns : In the United States , with growth expected to increase above trend in the remainder of 2014 and 2015 , the main policy issue is the appropriate speed of monetary policy normalization",,True,0,0,past,"that protracted monetary support has raised financial stability concerns : In the United States , with growth expected to increase above trend in the remainder of 2014 and 2015 , the main policy issue is the appropriate speed of monetary policy normalization",0.0,0.0,0.1435081093705376,1,1
20091107_1_19_1_1,The challenges of placing fiscal policy on a sustainable path both political and economic are greater than for normalizing monetary policy,0.0,False,0,0,0,The challenges of placing fiscal policy on a sustainable path both political and economic are greater than for normalizing monetary policy,0.0,0.0,0.14523152249736782,1,1
20111015_1_14_1_1,There is scope for lower ECB policy rates,0.0,False,0,0,0,There is scope for lower ECB policy rates,0.0,0.0,0.14537031927787336,1,1
20160721_1_6_1_1,"In the euro area , policymakers should work together to demonstrate their continuing commitment to the E.U",0.0,False,0,0,0,"In the euro area , policymakers should work together to demonstrate their continuing commitment to the E.U",0.0,0.0,0.14576235467419763,1,1
20151115_1_15_1_1,"An effective monetary policy communication strategy will remain essential , particularly in an environment of higher financial market volatility",,True,1,1,future,"An effective monetary policy communication strategy will remain essential , particularly in an environment of higher financial market volatility",0.0,0.0,0.14906913851229908,0,0
20150209_1_25_1_2,which has proven essential in coping with volatile financial conditions in the past,0.0,False,0,0,0,which has proven essential in coping with volatile financial conditions in the past,0.0,0.0,0.15074916346925094,1,1
20140219_1_25_1_1,"As recent turbulences have shown , economies with deteriorating macroeconomic imbalances , larger external funding requirements relative to reserves and lower policy credibility see more volatility",,True,1,1,past,"As recent turbulences have shown , economies with deteriorating macroeconomic imbalances , larger external funding requirements relative to reserves and lower policy credibility see more volatility",0.0,0.0,0.15526197318690693,0,0
20160226_1_8_1_1,"Building on recent achievements , the authorities should aim for sustained wage inflation , supported by higher public sector and minimum wages , alongside labor market reforms",0.0,False,0,0,0,"Building on recent achievements , the authorities should aim for sustained wage inflation , supported by higher public sector and minimum wages , alongside labor market reforms",0.0,0.0,0.1566941871277765,1,1
20110415_1_10_1_2,"that are operating closer to , or above , capacity .",0.0,False,0,0,0,"that are operating closer to , or above , capacity .",0.0,0.0,0.15737288018767637,1,1
20100227_1_3_1_1,To facilitate rebalanced global growth : advanced economies with large current account deficits should transition towards measures to raise savings,0.0,False,0,0,0,To facilitate rebalanced global growth : advanced economies with large current account deficits should transition towards measures to raise savings,0.0,0.0,0.16008137849187376,1,1
20130719_1_11_1_2,that prevent a solid return to growth,0.0,False,0,0,0,that prevent a solid return to growth,0.0,0.0,0.16161425246690142,1,1
20171006_3_5_1_2,where the structural overcapacity of the financial sector elevates operation costs and reduces profitability,0.0,False,0,0,0,where the structural overcapacity of the financial sector elevates operation costs and reduces profitability,0.0,0.0,0.16352520159020334,1,1
20090903_1_28_1_1,"Moreover , some of these economies are again seeing significant asset price increases and credit growth in response to low interest rates , raising the specter of renewed equity or real estate booms",0.0,False,0,0,0,"Moreover , some of these economies are again seeing significant asset price increases and credit growth in response to low interest rates , raising the specter of renewed equity or real estate booms",0.0,0.0,0.16438448957777474,1,1
20150209_1_32_1_1,Some will have to strengthen their monetary frameworks to avert the possibility,0.0,False,0,0,0,Some will have to strengthen their monetary frameworks to avert the possibility,0.0,0.0,0.16944990115090908,1,1
20100423_1_11_1_1,"In some emerging economies for example , Brazil , emerging Asia , owing to rapidly closing output gaps or concerns about credit quality , monetary accommodation is already being removed or will need be to be removed relatively soon",,True,-1,1,past,"In some emerging economies for example , Brazil , emerging Asia , owing to rapidly closing output gaps or concerns about credit quality , monetary accommodation is already being removed or will need be to be removed relatively soon",-1.0,1.0,0.17246045744672223,1,0
20100904_1_14_2_1,"where stabilizers are small , temporary support , such as extended unemployment benefits or wage subsidies , could be continued",0.0,False,0,0,0,"where stabilizers are small , temporary support , such as extended unemployment benefits or wage subsidies , could be continued",0.0,0.0,0.17373710190072933,1,1
20140219_1_5_1_1,"With prospects improving , it will be critical to avoid a premature withdrawal of monetary policy accommodation , including in the United States",0.0,False,0,0,0,"With prospects improving , it will be critical to avoid a premature withdrawal of monetary policy accommodation , including in the United States",0.0,1.0,0.1799171507737375,1,1
20160226_4_5_1_2,that the effects of currency depreciations on balance sheets and domestic inflation rates are contained,0.0,False,0,0,0,that the effects of currency depreciations on balance sheets and domestic inflation rates are contained,0.0,0.0,0.18051263611881985,1,1
20130719_1_19_1_1,There are incipient signs of rising exposure to both interest rate and credit risk in regional banks,0.0,False,0,0,0,There are incipient signs of rising exposure to both interest rate and credit risk in regional banks,0.0,0.0,0.18281260937470822,1,1
20140219_1_2_1_3,in some cases address domestic imbalances and vulnerabilities to prepare for tighter financial conditions,0.0,False,0,0,0,in some cases address domestic imbalances and vulnerabilities to prepare for tighter financial conditions,0.0,0.0,0.18291028811916477,1,1
20141115_1_20_1_1,"In some economies Brazil , India , Turkey , maintaining the course of fiscal consolidation is critical , given large fiscal deficits and high inflation in some cases , and high external borrowing",0.0,False,0,0,0,"In some economies Brazil , India , Turkey , maintaining the course of fiscal consolidation is critical , given large fiscal deficits and high inflation in some cases , and high external borrowing",0.0,0.0,0.18354511695419062,1,1
20110709_1_10_1_2,"that seek to insulate domestic markets from high world prices for example , export bans or subsidies ",0.0,False,0,0,0,"that seek to insulate domestic markets from high world prices for example , export bans or subsidies ,",0.0,0.0,0.1844335154678871,1,1
20130418_1_17_1_1,"Like fiscal policy , the pace of financial reform to safeguard stability such as higher capital and liquidity buffers should be carefully calibrated to support bank lending and real growth ",0.0,False,0,0,0,"Like fiscal policy , the pace of financial reform to safeguard stability such as higher capital and liquidity buffers should be carefully calibrated to support bank lending and real growth ,",0.0,0.0,0.1852451435479524,1,1
20141115_1_2_1_1,"With output gaps still large , and inflation running below target , accommodative monetary conditions remain essential to support demand",,True,-1,-1,present,"With output gaps still large , and inflation running below target , accommodative monetary conditions remain essential to support demand",1.0,1.0,0.1863442521923253,0,0
20150209_1_9_2_2,constrained by the zero lower bound,0.0,False,0,0,0,constrained by the zero lower bound,0.0,0.0,0.1865379946521808,1,1
20121105_1_16_1_1,"In the United States , improving the transmission of the monetary easing",0.0,False,0,0,0,"In the United States , improving the transmission of the monetary easing",0.0,0.0,0.18679865687823305,1,1
20170705_1_2_1_1,fiscal policy should ensure,0.0,False,0,0,0,fiscal policy should ensure,0.0,0.0,0.18855952730739245,1,1
20150209_1_3_1_1,"In many emerging market economies , macroeconomic policy space",0.0,False,0,0,0,"In many emerging market economies , macroeconomic policy space",0.0,0.0,0.1919715113991537,1,1
20130418_1_1_1_1,Comprehensive and ambitious consolidation plans and entitlement reform are instrumental given tradeoffs facing fiscal policy,0.0,False,0,0,0,Comprehensive and ambitious consolidation plans and entitlement reform are instrumental given tradeoffs facing fiscal policy,0.0,0.0,0.19469999248783454,1,1
20101021_1_9_1_1,"In particular , maintaining accommodative monetary policy through 2011 , including through an expansion of central bank balance sheets , can counteract some of the contractionary effects of fiscal consolidation",,True,-1,0,future,"In particular , maintaining accommodative monetary policy through 2011 , including through an expansion of central bank balance sheets , can counteract some of the contractionary effects of fiscal consolidation",1.0,1.0,0.19835448429897184,0,0
20140219_1_14_1_1,"In particular , a Single Resolution Mechanism SRM based on an independent centralized authority , with efficient resolution powers supported by a single resolution fund would be necessary to ensure least cost and timely resolution",0.0,False,0,0,0,"In particular , a Single Resolution Mechanism SRM based on an independent centralized authority , with efficient resolution powers supported by a single resolution fund would be necessary to ensure least cost and timely resolution",0.0,0.0,0.19954046418191984,1,1
20140917_1_30_1_1,The strengthening of activity in advanced economies and looming normalization of monetary policy in some implies,0.0,False,0,0,0,The strengthening of activity in advanced economies and looming normalization of monetary policy in some implies,0.0,0.0,0.20038412608063472,1,1
20090708_1_21_1_1,Central banks will need to devise plans to exit from unconventional measures to ensure a smooth return to private intermediation and to forestall concerns,,True,-1,-1,future,Central banks will need to devise plans to exit from unconventional measures to ensure a smooth return to private intermediation and to forestall concerns,0.0,0.0,0.20135261305465646,0,0
20120225_1_13_1_1,"Where inflationary pressures are diminishing and fiscal fundamentals are weak , monetary policy can be eased",,True,1,1,past,"Where inflationary pressures are diminishing and fiscal fundamentals are weak , monetary policy can be eased",1.0,1.0,0.20188769547542096,1,1
20171006_3_2_1_2,which illustrates the benefits of recalibrating the policy mix across both surplus and deficit countries see IMF 2017 External Sector Report,0.0,False,0,0,0,which illustrates the benefits of recalibrating the policy mix across both surplus and deficit countries see IMF 2017 External Sector Report,0.0,0.0,0.20218269958876234,1,1
20171006_1_1_1_1,"To safeguard the current growth momentum , the macroeconomic policy mix should be adjusted to changing circumstances",0.0,False,0,0,0,"To safeguard the current growth momentum , the macroeconomic policy mix should be adjusted to changing circumstances",0.0,0.0,0.21040621974257334,1,1
20090903_1_17_1_1,Interest rates will need to be raised,0.0,False,0,0,0,Interest rates will need to be raised,-1.0,1.0,0.21071218676890158,0,0
20151115_1_22_1_2,to complete and implement the regulatory reform agenda,0.0,False,0,0,0,to complete and implement the regulatory reform agenda,0.0,0.0,0.21255483545402565,1,1
20100423_1_3_1_1,Accommodative monetary policy does not have such automatic consequences and can be reversed quickly,,True,-1,-1,past,Accommodative monetary policy does not have such automatic consequences and can be reversed quickly,0.0,0.0,0.21345637033148224,0,0
20090903_1_3_1_1,The Fed has signaled,0.0,False,0,0,0,The Fed has signaled,0.0,0.0,0.2139484348012468,1,1
20110709_1_1_1_1,There is a need to put the global financial system on a more resilient footing,0.0,False,0,0,0,There is a need to put the global financial system on a more resilient footing,0.0,0.0,0.21782742835357294,1,1
20130719_1_12_1_1,"In Japan , the BoJ 's objective to raise inflation to 2 percent and the sweeping enhancements to the monetary framework are welcome",0.0,False,0,0,0,"In Japan , the BoJ 's objective to raise inflation to 2 percent and the sweeping enhancements to the monetary framework are welcome",0.0,0.0,0.22204710353897006,1,1
20140219_1_7_1_1,"In the euro area , more monetary easing",0.0,False,0,0,0,"In the euro area , more monetary easing",0.0,1.0,0.22399777077507166,1,1
20130905_1_7_1_1,Clear communication of central bank intentions is vital to help avoid new financial excesses or abrupt reversals of capital flows,0.0,False,0,0,0,Clear communication of central bank intentions is vital to help avoid new financial excesses or abrupt reversals of capital flows,0.0,0.0,0.2244421553439735,1,1
20121105_1_23_1_2,where a strong credit expansion continues or,0.0,False,0,0,0,where a strong credit expansion continues or,0.0,0.0,0.22448753360365048,1,1
20121105_1_8_1_1,Sovereigns under stress need to continue to adjust and request appropriate EFSF/ESM support,0.0,False,0,0,0,Sovereigns under stress need to continue to adjust and request appropriate EFSF/ESM support,0.0,0.0,0.22710244567162152,1,1
20100904_1_3_1_1,"In many advanced economies , the financial sector remains the Achilles heel of recovery prospects for private demand",0.0,False,0,0,0,"In many advanced economies , the financial sector remains the Achilles heel of recovery prospects for private demand",0.0,0.0,0.22782223310516392,1,1
20151115_1_27_1_1,"However , the global financial safety net remains underused during periods of turbulence , with uneven access and a multilayered structure for example , regional financing arrangements , bilateral swap lines , and Fund financing",0.0,False,0,0,0,"However , the global financial safety net remains underused during periods of turbulence , with uneven access and a multilayered structure for example , regional financing arrangements , bilateral swap lines , and Fund financing",0.0,0.0,0.2279472024217195,1,1
20090708_1_14_1_1,"Large international reserves have provided scope , in some cases , to counter exchange rate volatility and sustain the availability of foreign currency funding , for example for trade finance",0.0,False,0,0,0,"Large international reserves have provided scope , in some cases , to counter exchange rate volatility and sustain the availability of foreign currency funding , for example for trade finance",0.0,0.0,0.22918117064115984,1,1
20151115_1_17_1_2,if needed will help meet ECB 's price stability objective,0.0,False,0,0,0,if needed will help meet ECB 's price stability objective,0.0,0.0,0.23000044115057083,1,1
20171006_4_4_1_3,that raise labor supply ,0.0,False,0,0,0,"that raise labor supply ,",0.0,0.0,0.2331789086734798,1,1
20170705_1_4_1_4,where there is still cyclical slack,0.0,False,0,0,0,where there is still cyclical slack,0.0,0.0,0.2335137799861342,1,1
20170314_1_11_1_2,when implementing reforms,0.0,False,0,0,0,when implementing reforms,0.0,0.0,0.23434164146446257,1,1
20171006_1_2_1_2,which have fiscal space should support growth with all available tools ,0.0,False,0,0,0,"which have fiscal space should support growth with all available tools ,",0.0,0.0,0.2353137738228226,1,1
20110415_1_5_1_1,Current projections are for a limited decline in budget deficits of emerging economies in 2011 and 2012 ,0.0,False,0,0,0,"Current projections are for a limited decline in budget deficits of emerging economies in 2011 and 2012 ,",0.0,0.0,0.23570585196742022,1,1
20090903_1_19_2_2,how to withdraw excess liquidity,0.0,False,0,0,0,how to withdraw excess liquidity,0.0,0.0,0.2357623297392597,1,1
20090708_1_10_1_3,although they remain significantly elevated relative to levels prior to the crisis,0.0,False,0,0,0,although they remain significantly elevated relative to levels prior to the crisis,0.0,0.0,0.23621622770772355,1,1
20100904_1_19_1_1,"There is increasing divergence in the monetary policy stances between advanced and emerging economies , reflecting macroeconomic developments ",0.0,False,0,0,0,"There is increasing divergence in the monetary policy stances between advanced and emerging economies , reflecting macroeconomic developments ,",0.0,0.0,0.23704902184856935,1,1
20160901_1_20_1_1,"Where inflation is still well below targets , monetary policy should remain expansionary , using all available instruments for example , in Japan and the euro area",,True,1,1,future,"Where inflation is still well below targets , monetary policy should remain expansionary , using all available instruments for example , in Japan and the euro area",1.0,1.0,0.2386042668221091,1,1
20160226_4_9_1_1,"Fiscal consolidation should continue , underpinned by comprehensive tax reform and further reductions in subsidies",0.0,False,0,0,0,"Fiscal consolidation should continue , underpinned by comprehensive tax reform and further reductions in subsidies",0.0,0.0,0.23891438989610803,1,1
20110709_1_4_1_1,The pace of recapitalization needs to be accelerated in order to provide cushions against asset losses or shocks to liquidity,0.0,False,0,0,0,The pace of recapitalization needs to be accelerated in order to provide cushions against asset losses or shocks to liquidity,0.0,0.0,0.2399574886940503,1,1
20170705_1_3_1_2,"where inflation is still below central bank targets and output gaps remain negative , monetary policy should stay supportive",,True,1,1,future,"where inflation is still below central bank targets and output gaps remain negative , monetary policy should stay supportive",1.0,1.0,0.2402376783180138,1,1
20090903_1_20_1_2,as underlying inflation is expected to remain very low,0.0,False,0,0,0,as underlying inflation is expected to remain very low,0.0,0.0,0.24225087587827077,1,1
20110218_1_7_1_1,"monetary policy accommodation is thus the right policy from a domestic perspective , considering also",0.0,False,0,0,0,"monetary policy accommodation is thus the right policy from a domestic perspective , considering also",1.0,1.0,0.24239735061801992,0,0
20160901_1_5_1_1,"At the same time , policymakers can raise confidence by explaining to citizens the benefits of reform and ",0.0,False,0,0,0,"At the same time , policymakers can raise confidence by explaining to citizens the benefits of reform and ,",0.0,0.0,0.24361632217526707,1,1
20090708_1_16_1_1,"Looking forward , the appreciation of exchange rates since the first quarter will help support domestic demand , consistent with broader need to rebalance the global economy towards higher consumption in those economies",0.0,False,0,0,0,"Looking forward , the appreciation of exchange rates since the first quarter will help support domestic demand , consistent with broader need to rebalance the global economy towards higher consumption in those economies",0.0,0.0,0.24400221003363853,1,1
20140917_1_36_1_1,"Nevertheless , working towards meeting the official primary surplus target with sustainable policies",0.0,False,0,0,0,"Nevertheless , working towards meeting the official primary surplus target with sustainable policies",0.0,0.0,0.24458739875238034,1,1
20121105_1_13_1_1,"Central banks have been at the forefront of the policy response to the recent global slowdown , and should continue supporting the recovery ",0.0,False,0,0,0,"Central banks have been at the forefront of the policy response to the recent global slowdown , and should continue supporting the recovery ,",0.0,0.0,0.24501383328253812,1,1
20101021_1_2_1_1,"In many advanced economies , insufficient progress with repair and reform is weighing on credit growth , and slowing the normalization of monetary and fiscal policies , with adverse spillovers on emerging economies , through large and volatile capital flows",0.0,False,0,0,0,"In many advanced economies , insufficient progress with repair and reform is weighing on credit growth , and slowing the normalization of monetary and fiscal policies , with adverse spillovers on emerging economies , through large and volatile capital flows",0.0,0.0,0.246792782549781,1,1
20150209_1_16_1_1,"In Japan , the implementation of the Bank of Japan 's BoJ October announcement of expanded Quantitative and Qualitative Monetary Easing QQE framework by accelerating purchases of JGBs and extending their maturity and tripling the purchases of private assets remains critical to support domestic demand",0.0,False,0,0,0,"In Japan , the implementation of the Bank of Japan 's BoJ October announcement of expanded Quantitative and Qualitative Monetary Easing QQE framework by accelerating purchases of JGBs and extending their maturity and tripling the purchases of private assets remains critical to support domestic demand",0.0,0.0,0.24778655621877832,1,1
20090903_1_30_1_1,Conventional monetary tightening will need to be accompanied by steps to offset the impact of large central bank balance sheets,,True,1,1,future,Conventional monetary tightening will need to be accompanied by steps to offset the impact of large central bank balance sheets,0.0,1.0,0.24786882368417829,0,0
20130719_1_34_1_2,"where current account deficits are widening , with monetary policy remaining the first line of defense",0.0,False,0,0,0,"where current account deficits are widening , with monetary policy remaining the first line of defense",0.0,0.0,0.24937556626816537,1,1
20091107_1_3_1_1,"For most countries , fiscal consolidation should be a top priority , with monetary policy able to adjust more flexibly to achieve a desired level of overall stimulus",,True,0,0,future,"For most countries , fiscal consolidation should be a top priority , with monetary policy able to adjust more flexibly to achieve a desired level of overall stimulus",0.0,0.0,0.2499295678426562,1,1
20130418_1_23_1_1,These economies should also consider greater emphasis on fiscal tightening .,,True,0,0,future,These economies should also consider greater emphasis on fiscal tightening .,0.0,0.0,0.24997185189907356,1,1
20130418_1_5_1_1,It will create greater scope to pursue supportive monetary policy without triggering concern about central bank independence or a resurgence of inflation,0.0,False,0,0,0,It will create greater scope to pursue supportive monetary policy without triggering concern about central bank independence or a resurgence of inflation,0.0,0.0,0.25390374708054486,1,1
20120120_1_10_1_1,This could be achieved by lower ECB monetary policy interest rates ,,True,-1,-1,past,"This could be achieved by lower ECB monetary policy interest rates ,",0.0,0.0,0.25406425872201344,0,0
20141115_1_20_1_2,that has increased exposure to external funding risks in others,0.0,False,0,0,0,that has increased exposure to external funding risks in others,0.0,0.0,0.25643412293566437,1,1
20100904_1_13_1_2,although this line has become thin,0.0,False,0,0,0,although this line has become thin,0.0,0.0,0.257049246710079,1,1
20110218_1_2_1_1,Concern about asset values and risky exposures should be addressed by forcing banks to build capital buffers ,0.0,False,0,0,0,"Concern about asset values and risky exposures should be addressed by forcing banks to build capital buffers ,",0.0,0.0,0.2587962183197978,1,1
20170314_1_3_1_1,"In the United States , monetary policy normalization should continue to be gradual and data driven",,True,0,0,future,"In the United States , monetary policy normalization should continue to be gradual and data driven",0.0,1.0,0.2588282617786556,1,1
20090708_1_16_1_2,that had accumulated reserves before the financial crisis,0.0,False,0,0,0,that had accumulated reserves before the financial crisis,0.0,0.0,0.25978754823484074,1,1
20100227_1_4_1_2,that would bolster domestic demand,0.0,False,0,0,0,that would bolster domestic demand,0.0,0.0,0.26310651493789805,1,1
20090708_1_20_1_3,that could set back the healing process and the incipient recovery,0.0,False,0,0,0,that could set back the healing process and the incipient recovery,0.0,0.0,0.26355756261583974,1,1
20130719_1_23_1_1,Requirements differ across countries,0.0,False,0,0,0,Requirements differ across countries,0.0,0.0,0.26507272046774544,1,1
20140219_1_24_1_1,The strengthening of the recovery and unwinding of accommodative monetary policy in advanced economies will lead to tighter external financing conditions and could generate further bouts of volatility in capital flows,,True,-1,-1,future,The strengthening of the recovery and unwinding of accommodative monetary policy in advanced economies will lead to tighter external financing conditions and could generate further bouts of volatility in capital flows,0.0,0.0,0.26567822103045036,0,0
20091107_1_27_1_1,This includes paying interest on excess reserves ,0.0,False,0,0,0,"This includes paying interest on excess reserves ,",0.0,0.0,0.2706553696902484,1,1
20120120_1_4_1_1,"Importantly , not all countries should adjust in the same way , to the same extent , or at the same time ",0.0,False,0,0,0,"Importantly , not all countries should adjust in the same way , to the same extent , or at the same time ,",0.0,0.0,0.2741134197551275,1,1
20100904_1_8_1_1,"This is needed not only to halt and ultimately reverse the large rise in public debt ratios , but also to help create room for policy maneuver to support private demand",0.0,False,0,0,0,"This is needed not only to halt and ultimately reverse the large rise in public debt ratios , but also to help create room for policy maneuver to support private demand",0.0,0.0,0.27461070758794404,1,1
20140917_1_34_1_2,where it is limited considering possible tradeoffs between building buffers and slowing growth and strengthen policy frameworks,0.0,False,0,0,0,where it is limited considering possible tradeoffs between building buffers and slowing growth and strengthen policy frameworks,0.0,0.0,0.27553867239296315,1,1
20110709_1_14_1_1,A number of emerging market economies are already operating at or above capacity,0.0,False,0,0,0,A number of emerging market economies are already operating at or above capacity,0.0,0.0,0.2757327106196348,1,1
20130221_1_10_1_1,"In the euro area , improving the effectiveness of monetary policy will require the broad range of policies discussed above to reverse financial fragmentation",,True,-1,-1,future,"In the euro area , improving the effectiveness of monetary policy will require the broad range of policies discussed above to reverse financial fragmentation",0.0,0.0,0.276414171409913,0,0
20121105_1_4_1_1,"In the euro area building on OMT and ESM activation , further action is also needed to strengthen banks , address structural shortcomings and complete EMU",0.0,False,0,0,0,"In the euro area building on OMT and ESM activation , further action is also needed to strengthen banks , address structural shortcomings and complete EMU",0.0,0.0,0.2771357647647821,1,1
20110709_1_17_1_1,"Thus , policy tightening will have to continue",0.0,False,0,0,0,"Thus , policy tightening will have to continue",0.0,0.0,0.27945809430645197,1,1
20090903_1_9_1_2,that aided the functioning of repo markets,0.0,False,0,0,0,that aided the functioning of repo markets,0.0,0.0,0.28086855746330897,1,1
20111015_1_16_1_1,Prudential authorities will need to be watchful of risks flowing from low interest rates,0.0,False,0,0,0,Prudential authorities will need to be watchful of risks flowing from low interest rates,0.0,0.0,0.28191579374884246,1,1
20100227_1_24_1_1,Monetary and fiscal policies can help to reduce inflows,0.0,False,0,0,0,Monetary and fiscal policies can help to reduce inflows,0.0,0.0,0.2827021842652617,1,1
20100423_1_5_1_1,"Furthermore , fiscal policy adjustment typically has a long lead time relative to monetary policy",0.0,False,0,0,0,"Furthermore , fiscal policy adjustment typically has a long lead time relative to monetary policy",0.0,0.0,0.2831532527721746,1,1
20151115_1_7_1_1,Joint efforts by deficit and surplus economies to rebalance global demand would reduce excess external imbalances while sustaining growth,0.0,False,0,0,0,Joint efforts by deficit and surplus economies to rebalance global demand would reduce excess external imbalances while sustaining growth,0.0,0.0,0.28365854529510903,1,1
20150904_1_18_1_1,These monetary policy efforts should be supported by measures to strengthen bank balance sheets ,,True,1,1,past,"These monetary policy efforts should be supported by measures to strengthen bank balance sheets ,",0.0,0.0,0.2851023520987429,0,0
20090903_1_22_1_1,"At the same time , a prolonged period of very low interest rates could fuel excessive risk taking",0.0,False,0,0,0,"At the same time , a prolonged period of very low interest rates could fuel excessive risk taking",0.0,1.0,0.28618226718957995,1,1
20130719_1_27_1_2,which restricts available policy room,0.0,False,0,0,0,which restricts available policy room,0.0,0.0,0.2877157676305573,1,1
20130719_1_3_1_1,"Broadly speaking , monetary policy accommodation should continue to play its supportive role , given low inflation and still large output gaps ",,True,1,1,future,"Broadly speaking , monetary policy accommodation should continue to play its supportive role , given low inflation and still large output gaps ,",1.0,1.0,0.2886940493868394,1,1
20150209_1_15_1_1,The Fed 's employment and inflation objectives should guide policy decisions and the beginning of normalization of the monetary policy stance ,,True,0,0,future,"The Fed 's employment and inflation objectives should guide policy decisions and the beginning of normalization of the monetary policy stance ,",0.0,0.0,0.2895789267393144,1,1
20100423_1_10_1_2,"as fiscal support is phased out , could undercut global recovery",0.0,False,0,0,0,"as fiscal support is phased out , could undercut global recovery",0.0,0.0,0.29263374673455556,1,1
20121105_1_19_2_2,if downside risks materialize given the receding inflation pressures,0.0,False,0,0,0,if downside risks materialize given the receding inflation pressures,0.0,0.0,0.2950252026785869,1,1
20091107_1_9_1_1,One of the key lessons from experiences of similar crises is,0.0,False,0,0,0,One of the key lessons from experiences of similar crises is,0.0,0.0,0.2960312743089929,1,1
20140219_1_1_1_1,Monetary policy should remain accommodative in advanced economies ,,True,1,1,future,"Monetary policy should remain accommodative in advanced economies ,",1.0,1.0,0.3033206934219004,1,1
20100227_1_20_1_2,as it could amplify exchange rate pressures,0.0,False,0,0,0,as it could amplify exchange rate pressures,0.0,0.0,0.3052356088596796,1,1
20090903_1_26_1_1,"A number of these economies , notably in Asia , are already enjoying relatively vigorous rebounds of activity",0.0,False,0,0,0,"A number of these economies , notably in Asia , are already enjoying relatively vigorous rebounds of activity",0.0,0.0,0.30728722013393706,1,1
20130719_1_1_1_1,"In advanced economies , macroeconomic policies should support growth",0.0,False,0,0,0,"In advanced economies , macroeconomic policies should support growth",0.0,0.0,0.311059025256584,1,1
20130418_1_8_1_1,"Better central bank communications may help bring down real interest rates and provide added support to demand , including by reassuring markets against premature tightening",,True,1,1,future,"Better central bank communications may help bring down real interest rates and provide added support to demand , including by reassuring markets against premature tightening",0.0,0.0,0.311793176398355,0,0
20100423_1_14_1_1,"If the economy is not at risk of overheating , the appropriate policy response would be to lower interest rates and to tighten fiscal policy , thus reducing currency appreciation pressures",,True,1,1,future,"If the economy is not at risk of overheating , the appropriate policy response would be to lower interest rates and to tighten fiscal policy , thus reducing currency appreciation pressures",1.0,1.0,0.31224484893935955,1,1
20130905_1_20_1_2,where inflation and expectations are well anchored to provide room for maneuver,0.0,False,0,0,0,where inflation and expectations are well anchored to provide room for maneuver,0.0,0.0,0.31278981697446695,1,1
20100227_1_24_1_2,"if the central bank has exhausted the sterilization possibilities and risks losing monetary control , or does not want to accumulate further reserves assuming",0.0,False,0,0,0,"if the central bank has exhausted the sterilization possibilities and risks losing monetary control , or does not want to accumulate further reserves assuming",0.0,0.0,0.31461871523590934,1,1
20150209_1_31_1_3,"which highlights the challenges faced by oil exporters with fixed exchange rate regimes for example , Venezuela , Ecuador",0.0,False,0,0,0,"which highlights the challenges faced by oil exporters with fixed exchange rate regimes for example , Venezuela , Ecuador",0.0,0.0,0.31731224521115575,1,1
20090903_1_31_1_1,The recent large expansion of central bank balance sheets is mirrored in the growth of bank reserves ,0.0,False,0,0,0,"The recent large expansion of central bank balance sheets is mirrored in the growth of bank reserves ,",0.0,0.0,0.3181342072127893,1,1
20160226_4_3_1_2,that still have fiscal buffers should use them to smooth the adjustment to lower commodity prices,,True,-1,-1,present,that still have fiscal buffers should use them to smooth the adjustment to lower commodity prices,0.0,0.0,0.3193055418411661,0,0
20160721_1_2_1_2,that will guide discussions between the United Kingdom and the E.U,0.0,False,0,0,0,that will guide discussions between the United Kingdom and the E.U,0.0,0.0,0.31977320662857744,1,1
20130719_1_24_1_3,"although capital flow reversals , external financing needs , and financial stability risks might constrain scope for action in some countries",0.0,False,0,0,0,"although capital flow reversals , external financing needs , and financial stability risks might constrain scope for action in some countries",0.0,0.0,0.32107431380812745,1,1
20140917_1_27_1_1,Large negative growth surprises in euro area countries should not trigger additional consolidation efforts ,0.0,False,0,0,0,"Large negative growth surprises in euro area countries should not trigger additional consolidation efforts ,",0.0,0.0,0.3214456691924008,1,1
20160721_1_22_1_1,"The new government should complement the proposed cap on federal noninterest spending with tax measures and address spending rigidities and unsustainable mandates , including in the pension system",0.0,False,0,0,0,"The new government should complement the proposed cap on federal noninterest spending with tax measures and address spending rigidities and unsustainable mandates , including in the pension system",0.0,0.0,0.32230991763013384,1,1
20160226_4_1_1_1,"In emerging economies , managing vulnerabilities and rebuilding resilience are high priorities in a context of tightening external financial conditions",0.0,False,0,0,0,"In emerging economies , managing vulnerabilities and rebuilding resilience are high priorities in a context of tightening external financial conditions",0.0,0.0,0.32385317583596884,1,1
20150209_1_11_1_2,"that further declines in inflation , even if temporary , may lead to additional downdraft in inflation expectations and rising real interest rates",0.0,False,0,0,0,"that further declines in inflation , even if temporary , may lead to additional downdraft in inflation expectations and rising real interest rates",0.0,0.0,0.32477122391785895,1,1
20100904_1_7_1_1,"However , fiscal policies need to urgently deliver measures",0.0,False,0,0,0,"However , fiscal policies need to urgently deliver measures",0.0,0.0,0.3260190151039509,1,1
20090903_1_10_1_1,"Foreign exchange swap and forward markets have also improved , as a result of the Fed 's Term Auction Facility TAF , central bank currency swap arrangements , and effectively unlimited funding from the ECB up to 1 year",0.0,False,0,0,0,"Foreign exchange swap and forward markets have also improved , as a result of the Fed 's Term Auction Facility TAF , central bank currency swap arrangements , and effectively unlimited funding from the ECB up to 1 year",0.0,0.0,0.3269039260313239,1,1
20130719_1_27_1_1,"In Latin America , economies are operating close to speed limit ",0.0,False,0,0,0,"In Latin America , economies are operating close to speed limit ,",0.0,0.0,0.32811491089106526,1,1
20090708_1_6_2_3,until a durable recovery is in sight,0.0,False,0,0,0,until a durable recovery is in sight,0.0,1.0,0.32842189871375826,1,1
20100227_1_21_1_1,These economies may have to consider tightening their fiscal stance more quickly,,True,0,0,future,These economies may have to consider tightening their fiscal stance more quickly,0.0,0.0,0.32913800249061387,1,1
20160901_1_4_1_1,"Where interest rates are at or near their effective lower bounds , fiscal policy must play a larger role",,True,0,0,,"Where interest rates are at or near their effective lower bounds , fiscal policy must play a larger role",0.0,0.0,0.33113829197631317,1,1
20160226_4_12_1_1,"The government should pursue fiscal consolidation by addressing rigidities and unsustainable mandates on the spending side , including in the social security system , and through tax measures and discretionary spending cuts to bolster fiscal results in the short run",0.0,False,0,0,0,"The government should pursue fiscal consolidation by addressing rigidities and unsustainable mandates on the spending side , including in the social security system , and through tax measures and discretionary spending cuts to bolster fiscal results in the short run",0.0,0.0,0.3316923858216948,1,1
20090903_1_23_1_2,as weak balance sheets and confidence are likely to weigh on credit availability,0.0,False,0,0,0,as weak balance sheets and confidence are likely to weigh on credit availability,0.0,0.0,0.33465771901336416,1,1
20160721_1_18_1_1,"In China , macro policies need to be adjusted for a moderate slowdown , allowing growth to settle at a sustainable level",0.0,False,0,0,0,"In China , macro policies need to be adjusted for a moderate slowdown , allowing growth to settle at a sustainable level",0.0,0.0,0.335791152057789,1,1
20130418_1_18_1_1,Consistent implementation and international cooperation is also critical for a level playing field and reducing fragmentation,0.0,False,0,0,0,Consistent implementation and international cooperation is also critical for a level playing field and reducing fragmentation,0.0,0.0,0.33583347919804984,1,1
20091107_1_1_1_1,The overall pace of policy adjustment and removal of financial support will depend on the strength of recovery in private demand in each country and enduring financial stability,0.0,False,0,0,0,The overall pace of policy adjustment and removal of financial support will depend on the strength of recovery in private demand in each country and enduring financial stability,0.0,0.0,0.337098060687854,1,1
20160901_1_9_1_2,when demand is already strong,0.0,False,0,0,0,when demand is already strong,0.0,0.0,0.33717797100529767,1,1
20130719_1_29_1_2,which requires further monetary tightening,,True,-1,-1,present,which requires further monetary tightening,-1.0,1.0,0.3385298084761643,1,1
20090903_1_14_1_1,"Following substantial easing in the first half of 2009 , several emerging economies including in Brazil , Indonesia , and South Africa have paused in their monetary easing cycles on account of inflation concerns",0.0,False,0,0,0,"Following substantial easing in the first half of 2009 , several emerging economies including in Brazil , Indonesia , and South Africa have paused in their monetary easing cycles on account of inflation concerns",0.0,0.0,0.3419650166491962,1,1
20121105_1_22_1_3,in order to securely anchor inflation expectations,0.0,False,0,0,0,in order to securely anchor inflation expectations,0.0,0.0,0.3427803993087757,1,1
20160901_1_9_1_4,job seekers find work faster or,0.0,False,0,0,0,job seekers find work faster or,0.0,0.0,0.3446339722799009,1,1
20150904_1_26_1_1,"External and financial vulnerabilities have risen , and could be exacerbated",0.0,False,0,0,0,"External and financial vulnerabilities have risen , and could be exacerbated",0.0,0.0,0.34780087818139904,1,1
20140917_1_3_1_1,"However , given the unevenness of the recovery across economies , challenges faced by central banks are different",0.0,False,0,0,0,"However , given the unevenness of the recovery across economies , challenges faced by central banks are different",0.0,0.0,0.3480697411517707,1,1
20121105_1_22_1_2,as the recovery proceeds,0.0,False,0,0,0,as the recovery proceeds,0.0,0.0,0.3539254310402694,1,1
20130221_1_12_1_2,if downside risks materialize ,0.0,False,0,0,0,"if downside risks materialize ,",0.0,0.0,0.3555415662264714,1,1
20171006_3_4_1_1,Private debt and financial vulnerabilities require attention,0.0,False,0,0,0,Private debt and financial vulnerabilities require attention,0.0,0.0,0.35575920380212134,1,1
20100904_1_5_1_1,financial sector restructuring and reform should thus be top priorities,0.0,False,0,0,0,financial sector restructuring and reform should thus be top priorities,0.0,0.0,0.3557643740133256,1,1
20091107_1_23_1_2,monetary policy measures does not necessarily constrain increases in policy rates,0.0,False,0,0,0,monetary policy measures does not necessarily constrain increases in policy rates,0.0,1.0,0.36240463249552624,1,1
20130418_1_15_1_1,"Further action is needed to recapitalize , restructure , or resolve weak banks and improve the flow of credit to the economy , particularly in Europe",0.0,False,0,0,0,"Further action is needed to recapitalize , restructure , or resolve weak banks and improve the flow of credit to the economy , particularly in Europe",0.0,0.0,0.365471740225492,1,1
20100904_1_19_1_2,while financial sector support has been extended in some European countries,0.0,False,0,0,0,while financial sector support has been extended in some European countries,0.0,0.0,0.3659007123795066,1,1
20140917_1_37_1_1,"With inflation still elevated , monetary tightening may have to be stepped up",,True,1,1,future,"With inflation still elevated , monetary tightening may have to be stepped up",-1.0,1.0,0.36803108235111304,0,0
20140917_1_24_1_2,although a number of countries are still tightening ,0.0,False,0,0,0,"although a number of countries are still tightening ,",0.0,0.0,0.369427145014508,1,1
20130719_1_4_1_1,Financial sector reforms also need to be urgently completed,0.0,False,0,0,0,Financial sector reforms also need to be urgently completed,0.0,0.0,0.3715889934684503,1,1
20170314_1_8_1_2,where fiscal space is limited and monetary policy operates close to the effective lower bound,,True,0,0,present,where fiscal space is limited and monetary policy operates close to the effective lower bound,0.0,1.0,0.37248926025383533,1,1
20130719_1_35_1_1,"In some for example India , the magnitude of fiscal problems requires an overhaul of tax and subsidy policies .",0.0,False,0,0,0,"In some for example India , the magnitude of fiscal problems requires an overhaul of tax and subsidy policies .",0.0,0.0,0.37650030204524987,1,1
20110709_1_18_1_1,Dealing with commodity price rises poses a particular challenge,0.0,False,0,0,0,Dealing with commodity price rises poses a particular challenge,0.0,0.0,0.3768474510044064,1,1
20130905_1_16_1_1,"In general , policy responses should be anchored by sound and credible monetary policy frameworks",,True,0,0,past,"In general , policy responses should be anchored by sound and credible monetary policy frameworks",0.0,0.0,0.3799695828581844,1,1
20171006_3_7_1_2,if core inflation picks up,0.0,False,0,0,0,if core inflation picks up,0.0,0.0,0.3808752126364102,1,1
20130905_1_6_1_2,"while exceptional monetary accommodation , including through UMP , continues to provide important support to the recovery , potential side effects should be monitored closely and addressed",,True,0,0,past,"while exceptional monetary accommodation , including through UMP , continues to provide important support to the recovery , potential side effects should be monitored closely and addressed",0.0,0.0,0.38370805052859225,1,1
20160901_1_5_1_2,"where necessary , providing effective support to those",0.0,False,0,0,0,"where necessary , providing effective support to those",0.0,0.0,0.3843309330360164,1,1
20151115_1_2_1_1,Raising both actual and potential output through a combination of demand support and structural reforms remains a key policy objective,0.0,False,0,0,0,Raising both actual and potential output through a combination of demand support and structural reforms remains a key policy objective,0.0,0.0,0.3848571538975937,1,1
20140917_1_4_1_3,as output gaps shrink,0.0,False,0,0,0,as output gaps shrink,0.0,0.0,0.38632145810806384,1,1
20160901_1_8_1_3,"when they directly address an economy 's known structural policy gaps and take account of its level of development , its position in the business cycle , and the available macroeconomic policy space",0.0,False,0,0,0,"when they directly address an economy 's known structural policy gaps and take account of its level of development , its position in the business cycle , and the available macroeconomic policy space",0.0,0.0,0.38782401287050206,1,1
20091107_1_27_1_2,even while central bank balance sheets continue to provide support to some markets .,0.0,False,0,0,0,even while central bank balance sheets continue to provide support to some markets .,0.0,0.0,0.38923248343837324,1,1
20090903_1_3_1_3,while other major central banks have indicated,0.0,False,0,0,0,while other major central banks have indicated,0.0,0.0,0.3925396272054523,1,1
20140917_1_31_1_1,"When risk sentiment changes , having stronger macroeconomic fundamentals as well as the policy space and credibility to react have proven to be critical to reduce volatility and negative spillovers see Annex",0.0,False,0,0,0,"When risk sentiment changes , having stronger macroeconomic fundamentals as well as the policy space and credibility to react have proven to be critical to reduce volatility and negative spillovers see Annex",0.0,0.0,0.3931934002212173,1,1
20090708_1_3_1_2,"that have weakened the monetary transmission mechanism , with banks continuing to tighten lending standards , albeit at a slower pace more recently",0.0,False,0,0,0,"that have weakened the monetary transmission mechanism , with banks continuing to tighten lending standards , albeit at a slower pace more recently",0.0,0.0,0.39560134259429836,1,1
20090903_1_13_2_1,there may be a need to tighten credit conditions in the face of sharply rising credit growth and the potential for overinvestment,,True,-1,-1,future,there may be a need to tighten credit conditions in the face of sharply rising credit growth and the potential for overinvestment,-1.0,1.0,0.39604127841372083,1,1
20090708_1_13_2_2,in order to avoid disorderly exchange rate moves or triggering capital outflows,0.0,False,0,0,0,in order to avoid disorderly exchange rate moves or triggering capital outflows,0.0,0.0,0.3967558683260579,1,1
20130719_1_29_1_1,"Brazil continues to face a considerable inflation challenge , with inflation exceeding the upper limit of the inflation target band ",0.0,False,0,0,0,"Brazil continues to face a considerable inflation challenge , with inflation exceeding the upper limit of the inflation target band ,",0.0,0.0,0.3983798534043119,1,1
20130905_1_3_1_1,"In an environment of ongoing but incomplete transition to financial stability , changing growth dynamics and concerns about slow growth and high unemployment , achieving a better policy mix is important",0.0,False,0,0,0,"In an environment of ongoing but incomplete transition to financial stability , changing growth dynamics and concerns about slow growth and high unemployment , achieving a better policy mix is important",0.0,0.0,0.40001813912720185,1,1
20090924_1_4_1_1,A number of distortions keep saving high in key surplus countries,0.0,False,0,0,0,A number of distortions keep saving high in key surplus countries,0.0,0.0,0.40024474862377313,1,1
20110709_1_10_1_3,which dampens the supply response and amplifies global price volatility,0.0,False,0,0,0,which dampens the supply response and amplifies global price volatility,0.0,0.0,0.40551508497379174,1,1
20140917_1_18_1_2,"as needed , are essential to limit financial risks",0.0,False,0,0,0,"as needed , are essential to limit financial risks",0.0,0.0,0.4065819909226258,1,1
20090708_1_12_1_1,Monetary policy in emerging economies has to balance the need to support demand against the risk of exacerbating capital outflows or deteriorating credit quality,0.0,False,0,0,0,Monetary policy in emerging economies has to balance the need to support demand against the risk of exacerbating capital outflows or deteriorating credit quality,0.0,0.0,0.40710092101867523,1,1
20150904_1_18_1_2,which would help to improve monetary policy transmission and credit market conditions,0.0,False,0,0,0,which would help to improve monetary policy transmission and credit market conditions,0.0,0.0,0.40819498237091245,1,1
20160901_1_10_1_1,"Other measures , such as lowering barriers for new firms to enter product and services markets , tend to have immediate demand benefits by raising investment and are , therefore , less dependent on the state of the business cycle",0.0,False,0,0,0,"Other measures , such as lowering barriers for new firms to enter product and services markets , tend to have immediate demand benefits by raising investment and are , therefore , less dependent on the state of the business cycle",0.0,0.0,0.4114414717159336,1,1
20160721_1_2_1_1,It will be important to have clarity on the process and objectives,0.0,False,0,0,0,It will be important to have clarity on the process and objectives,0.0,0.0,0.413714575239869,1,1
20130221_1_14_1_2,as the recovery proceeds to ensure,0.0,False,0,0,0,as the recovery proceeds to ensure,0.0,0.0,0.4150528764467891,1,1
20150209_1_11_1_1,Central banks should be mindful,0.0,False,0,0,0,Central banks should be mindful,0.0,0.0,0.41539546844839215,1,1
20160901_1_21_1_1,"In the United Kingdom , a range of recent monetary and other policy measures by the Bank of England will support the economy and thereby mitigate downside risks",0.0,False,0,0,0,"In the United Kingdom , a range of recent monetary and other policy measures by the Bank of England will support the economy and thereby mitigate downside risks",0.0,0.0,0.41547566068715824,1,1
20090903_1_32_1_1,The composition of central bank assets will in part determine the approach to be taken .,0.0,False,0,0,0,The composition of central bank assets will in part determine the approach to be taken .,0.0,1.0,0.4158255112978737,1,1
20130221_1_5_1_1,Key elements are Monetary,0.0,False,0,0,0,Key elements are Monetary,0.0,0.0,0.4165493111935845,1,1
20091107_1_25_1_1,"This is becoming increasingly relevant for many emerging economies , notably in Asia ",0.0,False,0,0,0,"This is becoming increasingly relevant for many emerging economies , notably in Asia ,",0.0,0.0,0.4172569783316942,1,1
20150209_1_13_1_2,"that low inflation would pose challenges to central banks , although to a different degree",0.0,False,0,0,0,"that low inflation would pose challenges to central banks , although to a different degree",0.0,0.0,0.41766943952298363,1,1
20160901_1_11_1_1,The IMF prepared detailed recommendations along these lines on the occasion of the Finance Ministers and Central Bank Governors ' Meetings in July 2016,0.0,False,0,0,0,The IMF prepared detailed recommendations along these lines on the occasion of the Finance Ministers and Central Bank Governors ' Meetings in July 2016,0.0,0.0,0.4182606730146722,1,1
20130905_1_11_1_1,"This should be anchored by credible plans for debt reduction notably , for the United States and Japan",0.0,False,0,0,0,"This should be anchored by credible plans for debt reduction notably , for the United States and Japan",0.0,0.0,0.4209222992610997,1,1
20130719_1_24_1_1,Monetary easing can be the first line of defense against liquidity pressures and downside risks,0.0,False,0,0,0,Monetary easing can be the first line of defense against liquidity pressures and downside risks,0.0,0.0,0.4218316725787159,1,1
20121105_1_10_1_1,"Meanwhile , the ECB 's commitment to act on secondary markets via the OMT is critical to address elevated risk premia due to convertibility concerns within the euro area ",0.0,False,0,0,0,"Meanwhile , the ECB 's commitment to act on secondary markets via the OMT is critical to address elevated risk premia due to convertibility concerns within the euro area ,",0.0,0.0,0.42202110759523004,1,1
20160901_1_32_2_2,that contractionary shocks will be absorbed .,0.0,False,0,0,0,that contractionary shocks will be absorbed .,0.0,0.0,0.4238567139572611,1,1
20091107_1_9_1_2,that withdrawing policy stimulus too early can be very costly ,0.0,False,0,0,0,"that withdrawing policy stimulus too early can be very costly ,",0.0,0.0,0.42569953151539486,1,1
20141115_1_21_1_2,should inflation expectations worsen .,0.0,False,0,0,0,should inflation expectations worsen .,0.0,0.0,0.4284971885162794,1,1
20110709_1_10_1_1,"Authorities should aim to protect the poor and vulnerable groups through targeted social safety nets , but avoid policies",0.0,False,0,0,0,"Authorities should aim to protect the poor and vulnerable groups through targeted social safety nets , but avoid policies",0.0,0.0,0.42969448584498804,1,1
20090708_1_4_1_1,"As a result , central banks have also taken a number of unconventional measures , including direct intervention in credit markets",0.0,False,0,0,0,"As a result , central banks have also taken a number of unconventional measures , including direct intervention in credit markets",0.0,0.0,0.4312222161562156,1,1
20130418_1_13_1_1,Financial policies need to secure stability and support recovery,0.0,False,0,0,0,Financial policies need to secure stability and support recovery,0.0,0.0,0.4319865343586661,1,1
20090708_1_6_1_1,"Where room exists , policy rates should be cut further ",0.0,False,0,0,0,"Where room exists , policy rates should be cut further ,",1.0,1.0,0.432493616905529,0,0
20100227_1_11_1_2,while a monetary tightening will contribute to a worsening of the fiscal position,0.0,False,0,0,0,while a monetary tightening will contribute to a worsening of the fiscal position,0.0,0.0,0.43382806049816436,1,1
20130221_1_7_1_1,"Nevertheless , there is a concern about diminishing effectiveness of unconventional actions , their side effects for example , volatile capital flows , and potential difficulties related to unwinding them",,True,-1,-1,present,"Nevertheless , there is a concern about diminishing effectiveness of unconventional actions , their side effects for example , volatile capital flows , and potential difficulties related to unwinding them",0.0,0.0,0.435438563214555,0,0
20090924_1_1_1_1,that may impede this rebalancing would need to be addressed,0.0,False,0,0,0,that may impede this rebalancing would need to be addressed,0.0,0.0,0.44258856092708876,1,1
20150209_1_34_1_1,"Given the deterioration in the inflation and economic outlook and risks of stagnation , the need for a comprehensive strategy to boost growth is particularly relevant in the euro area and Japan",0.0,False,0,0,0,"Given the deterioration in the inflation and economic outlook and risks of stagnation , the need for a comprehensive strategy to boost growth is particularly relevant in the euro area and Japan",0.0,0.0,0.44949975318459034,1,1
20160901_1_24_1_2,that the policy space to use individual instruments might be limited,0.0,False,0,0,0,that the policy space to use individual instruments might be limited,0.0,0.0,0.45204706470091127,1,1
20110709_1_13_1_2,"that growth has slowed , and planned fiscal consolidation , current monetary policy accommodation should remain as long",,True,-1,-1,future,"that growth has slowed , and planned fiscal consolidation , current monetary policy accommodation should remain as long",0.0,0.0,0.45237026700371874,0,0
20130905_1_21_1_1,"Where still high inflationary pressures persist , including from supply bottlenecks for example , Brazil , India , and Indonesia , the scope for easing the monetary stance may be very limited",,True,1,1,future,"Where still high inflationary pressures persist , including from supply bottlenecks for example , Brazil , India , and Indonesia , the scope for easing the monetary stance may be very limited",-1.0,1.0,0.4561909631654789,0,0
20171006_2_2_1_2,while the pace of normalization in the United States,0.0,False,0,0,0,while the pace of normalization in the United States,0.0,0.0,0.4567834692835889,1,1
20130719_1_34_1_1,Priority should be given to fiscal consolidation particularly in countries,0.0,False,0,0,0,Priority should be given to fiscal consolidation particularly in countries,0.0,0.0,0.46076267231612944,1,1
20121105_1_6_1_1,Continued demand rebalancing from deficit to surplus economies would strengthen global growth and ,0.0,False,0,0,0,"Continued demand rebalancing from deficit to surplus economies would strengthen global growth and ,",0.0,0.0,0.4615077931645387,1,1
20090903_1_21_1_1,"With fiscal stimulus gradually receding , a premature tightening of monetary policy could undercut the recovery",,True,1,1,future,"With fiscal stimulus gradually receding , a premature tightening of monetary policy could undercut the recovery",0.0,1.0,0.4640915313830264,0,0
20090903_1_31_1_3,as interest rates are raised to ensure the transmission of policy rate changes to the real economy,0.0,False,0,0,0,as interest rates are raised to ensure the transmission of policy rate changes to the real economy,0.0,0.0,0.46503191193792737,1,1
20091107_1_24_1_1,"Indeed , policy rates may need to rise",0.0,False,0,0,0,"Indeed , policy rates may need to rise",-1.0,1.0,0.4656412110003175,0,0
20130418_1_17_1_2,while avoiding unnecessary delays,0.0,False,0,0,0,while avoiding unnecessary delays,0.0,0.0,0.4657972505492455,1,1
20170705_1_1_1_1,"In the United States , monetary policy should continue to gradually normalize and remain data dependent ",,True,-1,-1,future,"In the United States , monetary policy should continue to gradually normalize and remain data dependent ,",-1.0,1.0,0.4663529738104206,1,1
20160901_1_8_1_2,that structural reforms are most effective,0.0,False,0,0,0,that structural reforms are most effective,0.0,0.0,0.4689712745941562,1,1
20130418_1_12_1_2,"what more , if anything , to do and prepare for an eventual exit from unconventional monetary policies",0.0,False,0,0,0,"what more , if anything , to do and prepare for an eventual exit from unconventional monetary policies",0.0,1.0,0.47213512909404387,1,1
20160901_1_28_1_1,Macroeconomic policies are most effective,0.0,False,0,0,0,Macroeconomic policies are most effective,0.0,0.0,0.4726253253070729,1,1
20110709_1_20_1_2,where the credibility of monetary policy is high,0.0,False,0,0,0,where the credibility of monetary policy is high,0.0,0.0,0.47424090897289206,1,1
20110709_1_2_1_1,The matter is more pressing in Europe due to sovereign contagion risks,0.0,False,0,0,0,The matter is more pressing in Europe due to sovereign contagion risks,0.0,0.0,0.47661494114044556,1,1
20141115_1_1_1_1,Prospects for an uneven recovery points to an asynchronous unwinding of monetary stimulus in advanced economies,0.0,False,0,0,0,Prospects for an uneven recovery points to an asynchronous unwinding of monetary stimulus in advanced economies,0.0,0.0,0.479200332069908,1,1
20091107_1_14_1_2,as private demand begins recovering,0.0,False,0,0,0,as private demand begins recovering,0.0,0.0,0.48018587872534746,1,1
20120225_1_8_1_1,"If downside risks materialize , the Federal Reserve , Bank of England , and Bank of Japan should stand ready to expand unconventional support",,True,0,0,future,"If downside risks materialize , the Federal Reserve , Bank of England , and Bank of Japan should stand ready to expand unconventional support",1.0,1.0,0.4802333262682468,0,0
20151115_1_3_1_1,"In advanced economies , accommodative monetary policy remains essential",,True,1,1,present,"In advanced economies , accommodative monetary policy remains essential",0.0,1.0,0.48123574938139246,0,0
20130719_1_24_1_2,where inflation is firmly anchored ,0.0,False,0,0,0,"where inflation is firmly anchored ,",0.0,0.0,0.4854192007073441,1,1
20110709_1_20_1_1,Authorities can afford to be more accommodative in those economies,,True,1,1,future,Authorities can afford to be more accommodative in those economies,1.0,1.0,0.4883848971222503,1,1
20121105_1_23_1_1,Room for monetary easing may also be limited,,True,0,0,past,Room for monetary easing may also be limited,0.0,1.0,0.4912664249532497,1,1
20091107_1_16_1_1,fiscal stimulus longer than needed has obvious and immediate consequences for debt accumulation,0.0,False,0,0,0,fiscal stimulus longer than needed has obvious and immediate consequences for debt accumulation,0.0,0.0,0.4920269121937877,1,1
20130719_1_33_1_2,should downside risks materialize,0.0,False,0,0,0,should downside risks materialize,0.0,0.0,0.49231005471473854,1,1
20130905_1_22_1_1,and more efforts to better anchor expectations may be required,0.0,False,0,0,0,and more efforts to better anchor expectations may be required,0.0,0.0,0.49389216552033754,1,1
20160226_2_6_1_1,"In the euro area , countries with fiscal space should do more to support growth for example , through infrastructure investment in Germany",0.0,False,0,0,0,"In the euro area , countries with fiscal space should do more to support growth for example , through infrastructure investment in Germany",0.0,0.0,0.49477743579646183,1,1
20091107_1_20_1_1,"The scale of fiscal adjustment required to ensure fiscal sustainability will be large , particularly in advanced economies",0.0,False,0,0,0,"The scale of fiscal adjustment required to ensure fiscal sustainability will be large , particularly in advanced economies",0.0,0.0,0.49720333215379553,1,1
20150904_1_17_1_1,"Hence , the program should be extended",0.0,False,0,0,0,"Hence , the program should be extended",0.0,0.0,0.499004281711543,1,1
20091107_1_8_1_1,"Forceful fiscal and monetary stimulus and financial sector support have helped ease financial stress and played an important role in supporting activity , but may need to be maintained for some time",,True,0,0,past,"Forceful fiscal and monetary stimulus and financial sector support have helped ease financial stress and played an important role in supporting activity , but may need to be maintained for some time",0.0,0.0,0.5002896870723562,1,1
20150904_1_2_1_1,"Notably , raising actual and potential growth remains a key objective",0.0,False,0,0,0,"Notably , raising actual and potential growth remains a key objective",0.0,0.0,0.5006081704602311,1,1
20100227_1_22_1_1,Fiscal tightening should also be the priority,,True,0,0,future,Fiscal tightening should also be the priority,0.0,0.0,0.5013495302057693,1,1
20121105_1_15_1_1,The effectiveness of the easing in Japan would be enhanced by broadening asset purchases to include more equities and corporate bonds and government bonds with longer maturities and by simultaneously adopting broad structural and fiscal reforms to achieve a sustained recovery,0.0,False,0,0,0,The effectiveness of the easing in Japan would be enhanced by broadening asset purchases to include more equities and corporate bonds and government bonds with longer maturities and by simultaneously adopting broad structural and fiscal reforms to achieve a sustained recovery,0.0,0.0,0.5116405482446931,1,1
20090708_1_6_2_2,that interest rates will remain low,0.0,False,0,0,0,that interest rates will remain low,1.0,1.0,0.5121792003039723,0,0
20140917_1_34_1_3,where their credibility has come into question,0.0,False,0,0,0,where their credibility has come into question,0.0,0.0,0.512363065919315,1,1
20140917_1_9_1_1,"However , the timing of the increase in policy rates may have to be adjusted in function of developments on the inflation and unemployment fronts",,True,1,1,future,"However , the timing of the increase in policy rates may have to be adjusted in function of developments on the inflation and unemployment fronts",0.0,1.0,0.5130835607803257,0,0
20100227_1_22_1_3,where market concerns regarding public debt sustainability are high or rising,0.0,False,0,0,0,where market concerns regarding public debt sustainability are high or rising,0.0,0.0,0.5160630455047449,1,1
20091107_1_15_1_3,that adjustment is a key priority,0.0,False,0,0,0,that adjustment is a key priority,0.0,0.0,0.5172122796434588,1,1
20140917_1_15_1_1,"Finally , communication should focus on the overarching goal of achieving the inflation target in a stable manner through a more transparent presentation of the BoJ 's forecast and underlying assumptions",0.0,False,0,0,0,"Finally , communication should focus on the overarching goal of achieving the inflation target in a stable manner through a more transparent presentation of the BoJ 's forecast and underlying assumptions",0.0,0.0,0.5173662001316697,1,1
20140917_1_41_1_1,Sustainably lowering inflation will also require further increases in the policy rate and a simpler monetary framework with clear objectives and operational autonomy for the RBI .,,True,-1,-1,future,Sustainably lowering inflation will also require further increases in the policy rate and a simpler monetary framework with clear objectives and operational autonomy for the RBI .,0.0,0.0,0.5187733044155106,0,0
20160721_1_17_1_2,emerging economies should rebuild policy buffers,0.0,False,0,0,0,emerging economies should rebuild policy buffers,0.0,0.0,0.5200427506990497,1,1
20100227_1_25_1_1,"The policy response would be to lower interest rates , thus reducing incentives for inflows , and to tighten fiscal policy particularly",0.0,False,0,0,0,"The policy response would be to lower interest rates , thus reducing incentives for inflows , and to tighten fiscal policy particularly",1.0,1.0,0.5228699829010661,0,0
20151115_1_12_1_2,that address financial stability risks,0.0,False,0,0,0,that address financial stability risks,0.0,0.0,0.5281388424482232,1,1
20120225_1_9_1_2,credit constraints would be also useful,0.0,False,0,0,0,credit constraints would be also useful,0.0,0.0,0.5289064794748094,1,1
20140917_1_40_1_1,"The government should articulate structural measures to underpin the consolidation path , including subsidy reform and progress on the Goods and Services Tax",0.0,False,0,0,0,"The government should articulate structural measures to underpin the consolidation path , including subsidy reform and progress on the Goods and Services Tax",0.0,0.0,0.5296874650137333,1,1
20120120_1_4_1_2,lest their efforts become self-defeating,0.0,False,0,0,0,lest their efforts become self-defeating,0.0,0.0,0.5300340814626855,1,1
20130221_1_12_1_3,while others may have to take measures to gradually tighten financial conditions,,True,0,0,future,while others may have to take measures to gradually tighten financial conditions,-1.0,1.0,0.536738638693628,0,0
20140219_1_28_1_1,"Specifically : On the monetary front , economies",0.0,False,0,0,0,"Specifically : On the monetary front , economies",0.0,0.0,0.5387889614487376,1,1
20120120_1_2_1_1,"ample liquidity and easy monetary policy , mainly in advanced economies",0.0,False,0,0,0,"ample liquidity and easy monetary policy , mainly in advanced economies",0.0,0.0,0.5388883294149874,1,1
20130719_1_17_1_2,as benefits still outweigh the costs,0.0,False,0,0,0,as benefits still outweigh the costs,0.0,0.0,0.5398230877654066,1,1
20101021_1_10_1_1,"At the same time , however , policymakers should be mindful of the impact of such action on other economies , notably through large and volatile capital flows",0.0,False,0,0,0,"At the same time , however , policymakers should be mindful of the impact of such action on other economies , notably through large and volatile capital flows",0.0,0.0,0.5469916938729152,1,1
20130418_1_21_1_2,which will boost credit and thus reduce its effectiveness,0.0,False,0,0,0,which will boost credit and thus reduce its effectiveness,0.0,0.0,0.5470694549777734,1,1
20130221_1_4_1_1,This will require making tangible progress toward a genuine economic monetary union starting with a banking union with greater fiscal integration,,True,1,1,future,This will require making tangible progress toward a genuine economic monetary union starting with a banking union with greater fiscal integration,0.0,0.0,0.5487366313646347,0,0
20090708_1_19_1_2,"as signs of an economic turnaround in the global economy become more prevalent , markets have begun to express their concern about the future ramifications of unprecedented policy actions and massive public intervention",0.0,False,0,0,0,"as signs of an economic turnaround in the global economy become more prevalent , markets have begun to express their concern about the future ramifications of unprecedented policy actions and massive public intervention",0.0,0.0,0.5488479108348444,1,1
20160901_1_16_1_1,"This process will benefit from continuing macroeconomic support including , for example , through the use of tax incentives and by providing protection for vulnerable households",0.0,False,0,0,0,"This process will benefit from continuing macroeconomic support including , for example , through the use of tax incentives and by providing protection for vulnerable households",0.0,0.0,0.549068779438817,1,1
20121105_1_10_1_2,while maintaining a very accommodative monetary policy should support demand,,True,0,0,future,while maintaining a very accommodative monetary policy should support demand,0.0,0.0,0.5508161175458087,1,1
20140219_1_17_1_2,although a number of countries are still tightening ,0.0,False,0,0,0,"although a number of countries are still tightening ,",0.0,0.0,0.5542086581277885,1,1
20121105_1_6_1_2,"if done properly , would help resolve their internal imbalances",0.0,False,0,0,0,"if done properly , would help resolve their internal imbalances",0.0,0.0,0.5547067128684289,1,1
20130719_1_17_1_1,"The Fed 's policy should thus remain accommodative , including through its UMP ",,True,1,1,future,"The Fed 's policy should thus remain accommodative , including through its UMP ,",0.0,1.0,0.5557727078668924,0,0
