,sentence,fiscal_stance,fiscal_analysis,economic_condition,monetary_policy,other_policies,risk
0,financial system public finances need adjust medium term,1,0,0,0,0,0
1,trend natural question be extent fiscal adjustment be require return debt-to-gdp ratio pre-crisis level,0,1,0,0,0,0
2,require adjustment depend magnitude increase debt ratio adjustment start current primary balance growth-adjusted interest rate target year Table,0,1,0,0,0,0
3,later fiscal adjustment start larger be require primary balance return pre-crisis debt-level,0,1,0,0,0,0
4,give WEO baseline growth debt trajectory assume adjustment begin take place 10-year period illustrative calculation suggest require primary surplus-to-gdp ratio be percent require average adjustment percent GDP,0,1,0,0,0,0
5,delay start adjustment year raise require primary surplus ten-year period percent GDP require average adjustment percent GDP,0,1,0,0,0,0
6,be significant cross-country variation calculation,0,1,0,0,0,0
7,face prospects rise public debt ratio country need develop convincing strategy ensure fiscal sustainability something few g-20 country have do,1,0,0,0,0,0
8,be explore new fiscal rule such Germany be consider new constitutional rule structural balance limit federal state level,0,1,0,0,0,0
9,other be consider less formal non-binding target public debt deficit demand significant sustained adjustment,0,1,0,0,0,0
10,target be future,0,1,0,0,0,0
11,reflect financial sector support measure fiscal stimulus package impact non-discretionary factor debt-to-gdp ratio g-20 country be project be percentage point level figure,0,1,0,0,0,0
12,publication ten-year fiscal forecast United States be welcome step include increase transparency,0,1,0,0,0,0
13,projection growth interest rate appear optimistic,0,1,0,0,0,0
14,consolidation policy have be moot have focus increase taxation fuel make income tax progressive case limit growth current spending cut capital expenditure,0,1,0,0,0,0
15,most g-20 country be count revival tax revenue reversal discretionary spending initiative condition improve Table,0,1,0,0,0,0
16,be difficult resolve fiscal problem rely improvement cyclical revenue revenue base have be lose example elevated profit financial sector real estate,0,1,0,0,0,0
17,gain unwind fiscal financial support operation be uncertain country significant political capital need be expend ensure stimulus measure do become permanent,0,1,0,0,0,0
18,renew stimulus reduce deficit public debt,0,1,0,0,0,0
19,demographic pressure continue build consequence health pension outlay medium long-term fiscal sustainability,0,1,0,0,0,0
20,strategy include reform entitlement fiscal consolidation other structural fiscal reform,1,0,0,0,0,0
21,pension health care reform be critical address key source fiscal pressure next few decade,1,0,0,0,0,0
22,Staff estimate net present value future entitlement spending increase be time larger fiscal cost current crisis,0,1,0,0,0,0
23,technical political groundwork feasible reform solution proceed respect health reform difficult complex choice be involve,1,0,0,0,0,0
24,most increase occur advanced country see rise debt ratio percentage point period more increase account impact automatic stabilizer weaker asset price fiscal stimulus financial sector support measure higher interest payment Table,0,1,0,0,0,0
25,Action be critical progress key pillar strategy address pressure reduce budget deficit lower public debt level short term make room future entitlement spending increase have be undermine crisis,1,0,0,0,0,0
26,fiscal policy be complement growth-enhancing structural reform,0,0,0,0,1,0
27,percentage point rise real GDP growth assume constant spending year lower public debt percent GDP percent tax rate,0,1,0,0,0,0
28,other element be important tax policy avoid excessive tax competition race bottom,1,0,0,0,0,0
29,fiscal pressure government need do same,1,0,0,0,0,0
30,avoid abrupt global adjustment global level policy need be consider g-20 time tighten come,0,0,0,0,1,0
31,emerge economy project medium-term debt path be benign owe higher growth,0,1,0,0,0,0
32,overall fiscal deficit remain larger output gap be project close compare percentage point GDP advanced country percentage point emerge market,0,1,0,0,0,0
33,advanced country reflect higher interest payment percentage point GDP average higher primary expenditure,0,1,0,0,0,0
34,emerge market revenue gain country offset sustained lower commodity revenue high level other,0,1,0,0,0,0
35,increase primary expenditure offset modest project savings interest payment,0,1,0,0,0,0
36,fiscal deficit need be consolidate bring public finance sustainable trajectory loom demographic pressure spending,1,0,0,0,0,0
37,go strategy ensure fiscal solvency be base firm commitment clear strategy contain aging-related spending advanced economy growth-enhancing structural reform fiscal policy cast medium-term fiscal framework supportive institutional arrangement envisage gradual fiscal correction economic condition improve,1,0,0,0,0,0
38,successful strategy ensure public debt be keep sustainable path need include measure contain aging-related spending,1,0,0,0,0,0
39,crisis country exist fiscal rule have most part retain case make use escape clause crisis have test resilience highlight importance built-in flexibility avoid tighten recession,0,1,0,0,0,0
40,instance EU stability growth Pact have be flexible accommodate envisage fiscal response crisis,0,1,0,0,0,0
41,current policy spend pension health care be project increase next decade advanced economy,0,1,0,0,0,0
42,owe pressure exist global financial economic crisis attain give primary surplus present greater challenge past,0,1,0,0,0,0
43,entitlement reform area pension health care play key role respects,1,0,0,0,0,0
44,reform reduce trajectory aging-related spending contribute improve prospects primary balance help contain debt-to-gdp ratio,1,0,0,0,0,0
45,extent project debt-to-gdp ratio be view sustainable depend part outlook pension health care expenditure longer run,1,0,0,0,0,0
46,reform improve long-run outlook other thing equal permit less ambitious reduction debt-to-gdp ratio come year,1,0,0,0,0,0
47,medium-term fiscal framework play role recover high debt position,1,0,0,0,0,0
48,explicit medium-term fiscal target help provide clear indication country authority perceive desirable fiscal policy path,1,0,0,0,0,0
49,such target help anchor market expectation be set buttress appropriate institutional framework,1,0,0,0,0,0
50,example medium-term expenditure framework set multi-year limit aggregate ministerial program level order translate overall objective budget decision,0,0,0,0,1,0
51,g-20 country have provide substantial fiscal stimulus implement have sizeable impact growth,0,1,0,0,0,0
52,be base firm commitment clear strategy contain aging-related spending advanced economy growth-enhancing structural reform fiscal policy cast medium-term fiscal framework supportive institutional arrangement envisage gradual fiscal correction economic condition improve,1,0,0,0,0,0
53,reform area play key role improve prospects primary balance help contain debt-to-gdp ratio bolster confidence fiscal sustainability help limit increase bond yield,1,0,0,0,0,0
54,Comprehensive medium-term macroeconomic strategy be announce be feasible anchor expectation credible path debt deficit reduction,1,0,0,0,0,0
55,crisis country exist fiscal rule example EU stability growth Pact have retain case make use escape clause,0,1,0,0,0,0
56,crisis have test resilience highlight importance built-in flexibility,0,1,0,0,0,0
57,entitlement reform need be put place underpin fiscal sustainability,1,0,0,0,0,0
58,Planned crisis-related discretionary measure be estimate percent GDP percent GDP,0,1,0,0,0,0
59,full progress report implementation fiscal stimulus package g-20 country date be difficult give operational challenge reporting limited specific information,0,0,0,0,1,0
60,general implementation rate be report be higher revenue measure social transfer lower infrastructure project,0,0,0,0,1,0
61,contribute cross-country variation overall implementation composition stimulus differ country,0,0,0,0,1,0
62,crisis be have substantial impact fiscal position g-20 country overall deficit project increase percentage point percentage point gdp pre-crisis level,0,1,0,0,0,0
63,considerable fiscal stimulus remain pipeline g-20 whole be implement maximize impact growth employment,1,0,0,0,0,0
64,stimulus measure implement tax break transfer payment have lower multiplier,0,1,0,0,0,0
65,implementation higher multiplier item be likely pick second half infrastructure suggest growth employment impact increase remainder year,0,1,0,0,0,0
66,estimate growth impact range percentage point percentage point respect previous year,0,0,1,0,0,0
67,go strategy ensure fiscal solvency be articulate,1,0,0,0,0,0
68,overall pace policy adjustment removal financial support depend strength recovery private demand country endure financial stability,1,0,0,0,0,0
69,achievement sustained economic growth require role public sector economy include financial sector be restore support private market base financial intermediation,0,0,0,0,1,0
70,market base principle pricing play role reduce use support measure full removal,0,0,0,0,1,0
71,principle exception fiscal consolidation be top policy priority,1,0,0,0,0,0
72,monetary policy be able adjust achieve desire level overall stimulus,0,0,0,1,0,0
73,commentary achieve fiscal sustainability be complex process take longer normalize monetary policy,0,1,0,0,0,0
74,Monetary policy respond achieve desire level overall stimulus fiscal retrenchment begin,0,0,0,1,0,0
75,strategy fiscal consolidation be outline communicate,1,0,0,0,0,0
76,deficit-reducing debt management measure commence private demand begin recover,1,0,0,0,0,0
77,be advisable consider relative scale policy adjustment require manage risk economic financial recovery,1,0,0,0,0,0
78,most country risk present keep stimulus place suggest adjustment be key priority,1,0,0,0,0,0
79,maintain fiscal stimulus longer need have obvious immediate consequence debt accumulation,0,1,0,0,0,0
80,many advanced economy monetary policy afford remain accommodative extended period give subdue price pressure,0,0,0,1,0,0
81,suggest timing exit be country specific coordination specific front be desirable,0,0,0,0,1,0
82,number emerge economy contrast monetary policy have tighten be synchronous lead fiscal consolidation be sign rise inflation incipient financial vulnerability include credit boom,0,0,0,1,0,0
83,challenge place fiscal policy sustainable path political economic be greater normalize monetary policy,0,1,0,0,0,0
84,scale fiscal adjustment require ensure fiscal sustainability be large advanced economy,0,1,0,0,0,0
85,suggest fiscal policy change have long-term effect do affect economic recovery short term such entitlement reform strengthen fiscal framework institution be implement enhance credibility,1,0,0,0,0,0
86,principle fiscal exit strategy be transparent comprehensive communicate goal lower public debt prudent level clearly-specified timeframe,1,0,0,0,0,0
87,commentary high degree transparency fiscal account be important,1,0,0,0,0,0
88,requirement include comprehensive assessment fiscal risk include arise possible additional support financial sector volatility interest rate guarantee public-private partnership,0,0,0,0,0,1
89,measure strengthen finances operation subnational government public enterprise be need country,1,0,0,0,0,0
90,general government balance be target deficit debt subnational government institution have same macroeconomic financial solvency effect central government,1,0,0,0,0,0
91,action bolster fiscal framework institution include reform budgetary process more frequent comprehensive reporting requirement medium-term expenditure framework fiscal rule,1,0,0,0,0,0
92,most country fiscal consolidation be top priority,1,0,0,0,0,0
93,monetary policy able adjust more achieve desire level overall stimulus,0,0,0,1,0,0
94,targeting appropriate debt ratio GDP take account longer-term spending pressure help build public awareness address market concern regard fiscal sustainability,0,1,0,0,0,0
95,stabilize debt ratio likely post-crisis level be sufficient,0,1,0,0,0,0
96,be true economy face rise pressure public finances key entitlement program demographic change,0,1,0,0,0,0
97,high debt ratio impede fiscal flexibility raise interest rate,0,1,0,0,0,0
98,appropriate debt ratio need take country-specific characteristic account,0,1,0,0,0,0
99,include composition debt currency maturity depth domestic financial market diversification investor base,0,1,0,0,0,0
100,many advanced economy target gradual return gross debt ratio percent median level crisis be appropriate,1,0,0,0,0,0
101,reform entitlement other expenditure revenue prerequisite attain target maintain time,0,1,0,0,0,0
102,target emerge economy need take account lower market tolerance high public debt,1,0,0,0,0,0
103,high debt level require better debt structure example spread-out maturity,0,0,0,0,1,0
104,be need ensure adequate recovery value asset acquire crisis cover central bank loss manage contingent liability minimize realization .2,0,0,0,0,1,0
105,scale fiscal adjustment require be large ensure debt sustainability restore room policy maneuver advanced economy,1,0,0,0,0,0
106,fiscal reform have long-term effect do affect economic recovery short-term such entitlement reform be implement enhance credibility,1,0,0,0,0,0
107,current difference monetary policy condition give rise larger capital inflow emerge market country accentuate need policy encourage rebalance global source demand,0,0,0,1,0,0
108,principle lay be intend establish common ground design implementation policy exit extraordinary support measure take crisis,0,0,0,0,1,0
109,exit strategy pave way strong stable balanced economic growth,0,0,0,0,1,0
110,need be base price financial stability fiscal debt sustainability central bank independence structural reform enhance growth include new approach financial regulation enhance supervision,0,0,0,0,1,0
111,major advanced g-20 economy be need continued policy stimulus private demand gather sustainable momentum,0,0,0,0,1,0
112,recovery remain sluggish fragile recent uptick growth prospects,0,0,1,0,0,0
113,tightening fiscal stance help monetary debt management,1,0,0,0,0,0
114,monetary tightening contribute worsening fiscal position,0,1,0,0,0,0
115,balance fiscal consolidation take priority else give,1,0,0,0,0,0
116,achieve fiscal sustainability be difficult prolonged process make imperative consolidation begin be clear evidence self-sustaining recovery,1,0,0,0,0,0
117,give path fiscal policy monetary policy be set achieve desire level overall stimulus tighten need counter inflationary risk maintain price stability,0,0,0,1,0,0
118,provision fiscal support need be maintain recovery gain solid footing advance G-20 government lay credible mediumterm plan reduce public debt ratio,1,0,0,0,0,0
119,start implement element medium-term plan do impact demand,1,0,0,0,0,0
120,include strengthen fiscal institution increase likelihood fiscal adjustment take place undertake reform entitlement spending do depress consumption such increase retirement age be phase,1,0,0,0,0,0
121,failure implement measure threaten fiscal sustainability reduce growth prospects,0,1,0,0,0,0
122,achieve fiscal sustainability authority need credible medium-term fiscal policy strategy entail clear timeframe bring gross debt GDP ratio sustainable level take account longer-term spending pressure,1,0,0,0,0,0
123,stabilize debt ratio likely post-crisis level be sufficient high debt ratio impede fiscal flexibility raise economy-wide interest rate constrain growth,0,1,0,0,0,0
124,central bank maintain low interest rate time give underlie inflation be expect remain subdue unemployment,0,0,0,1,0,0
125,appropriate debt target depend economy-specific characteristic include debt composition depth domestic financial market vulnerability shock diversification investor base,1,0,0,0,0,0
126,sustained adjustment primary structural balance,0,0,0,0,1,0
127,experience past large consolidation indicate be key element successful reduction debt ratio,0,1,0,0,0,0
128,advanced economy primary balance adjustment require next year return debt ratio percent GDP percent GDP Japan be order percentage point gdp deficit percent GDP surplus percent GDP keep level follow decade,0,1,0,0,0,0
129,wind fiscal stimulus measure provide only percent GDP,0,1,0,0,0,0
130,additional fiscal measure be need example reform pension healthcare entitlement,1,0,0,0,0,0
131,strong fiscal policy framework institution comprehensive coverage public sector,0,0,0,0,1,0
132,adopt strengthen fiscal rule explicit fiscal target monitoring independent fiscal agency help shore necessary broad consensus anchor expectation guide fiscal policy implementation medium term,1,0,0,0,0,0
133,fiscal policy need remain supportive economic activity near term,1,0,0,0,0,0
134,fiscal stimulus plan be implement,1,0,0,0,0,0
135,fiscal impulse start be withdraw economy market be lose confidence fiscal sustainability tighten start earlier,1,0,0,0,0,0
136,context high unemployment be merit consider new policy initiative aim boost job creation country,0,0,0,0,1,0
137,such measure be cast framework ensure sound medium-term fiscal balance,1,0,0,0,0,0
138,most advanced g-20 economy ensure fiscal sustainability be key priority policy challenge light surge government debt level,1,0,0,0,0,0
139,maintain expansionary fiscal stance have clear direct impact build-up debt,0,1,0,0,0,0
140,maintain accommodative monetary policy stance be reverse have few obvious direct downside,0,0,0,1,0,0
141,important risk policy stance current low inflationary environment be potential liquidity spillover domestic asset market emerge economy,0,0,0,1,0,0
142,many g-20 country restore fiscal sustainability be top priority policy challenge light surge government debt level,1,0,0,0,0,0
143,accommodative monetary policy do have such automatic consequence be reverse,0,0,0,1,0,0
144,current juncture inflationary pressure appear contain,0,0,1,0,0,0
145,fiscal policy adjustment have long lead time relative monetary policy,0,1,0,0,0,0
146,plan fiscal consolidation take priority else give,1,0,0,0,0,0
147,many advanced g-20 economy authority need devise communicate credible medium-term fiscal policy strategy,1,0,0,0,0,0
148,strategy include clear timeframe reduce gross debt-to-gdp ratio sustainable level,1,0,0,0,0,0
149,return debt ratio advanced economy prudent level example percent advanced-economy gdp median level debt advanced economy crisis require adjustment order percentage point gdp next year,0,1,0,0,0,0
150,fiscal measure seek increase economy medium-run growth potential,0,0,0,0,1,0
151,wind fiscal stimulus measure provide only percent GDP,0,1,0,0,0,0
152,entitlement reform improvement tax expenditure policy help attain fiscal sustainability promote medium-run growth,1,0,0,0,0,0
153,strong fiscal policy framework institution comprehensive coverage public sector,0,0,0,0,1,0
154,ensure fiscal sustainability depend ensure growth,0,1,0,0,0,0
155,provision fiscal support need be maintain be clear sign self-sustaining recovery,1,0,0,0,0,0
156,adopt strengthen fiscal rule explicit fiscal target monitoring independent fiscal agency help shore necessary broad consensus anchor expectation guide fiscal policy implementation medium term,1,0,0,0,0,0
157,fiscal consolidation need gain rapid momentum advanced economy,1,0,0,0,0,0
158,major emerge economy need return medium-term fiscal consideration recovery be establish,1,0,0,0,0,0
159,many advanced g-20 economy substantial consolidation be need ensure fiscal sustainability foster medium-and-long-term growth restore fiscal space future need,1,0,0,0,0,0
160,be important United States give important role global financial market other advanced economy affect sovereign risk premium other country,0,0,1,0,0,0
161,backdrop exit fiscal stimulus general take priority other policy advanced economy,1,0,0,0,0,0
162,sequencing exit crisis-related policy fiscal policy take priority,1,0,0,0,0,0
163,maintain expansionary fiscal stance have direct impact build-up debt,0,1,0,0,0,0
164,recent turmoil euro area debt market highlight grow market sensitivity sovereign risk,0,0,0,0,0,1
165,elaborate medium-term fiscal adjustment legislating reform pension entitlement public health care system make permanent reduction nonentitlement spending strengthen fiscal institution be imperative,1,0,0,0,0,0
166,example gradual increase age eligibility pension have immediate benefit fiscal sustainability allow household time adjust longer expect work life,0,1,0,0,0,0
167,medium-term reform include strengthen fiscal institution example fiscal rule medium-term fiscal framework support durable fiscal effort,1,0,0,0,0,0
168,near-term perspective g-20 advanced economy do need tighten,1,0,0,0,0,0
169,undermine fledgling recovery,0,0,1,0,0,0
170,add further stimulus,1,0,0,0,0,0
171,specifics vary country current fiscal consolidation plan group country envisage average adjustment percentage point gdp adjust balance be appropriate,1,0,0,0,0,0
172,country face sovereign funding pressure have begin embark immediate fiscal consolidation,0,1,0,0,0,0
173,give market pressure economy euro area need tighten fiscal policy expect include upfront measure difficult,1,0,0,0,0,0
174,important consolidation step take number country need be complement reform euro area fiscal framework include deficit rule have credible enforcement mechanism,1,0,0,0,0,0
175,country be unable commit medium-term consolidation find adverse market reaction compel undertake front-loaded adjustment,0,1,0,0,0,0
176,most advanced g-20 economy fiscal tightening be require,1,0,0,0,0,0
177,challenge fiscal policy be reduce public debt encourage growth,0,1,0,0,0,0
178,fiscal measure be complement measure reduce fragility banking system growth-enhancing structural reform,0,0,0,0,1,0
179,Greater global policy coordination crisis resolution mechanism be need resolve crisis durable basis,0,0,0,0,1,0
180,challenge fiscal policy be reduce high public debt prudent level encourage growth,0,1,0,0,0,0
181,fiscal consolidation need be anchor credible medium-term plan adjustment near-term depend country circumstance pace recovery risk loss fiscal credibility,1,0,0,0,0,0
182,particular authority need avoid loss credibility arise appear unable unwilling address market concern course fiscal policy excessive tightening fiscal policy near term,1,0,0,0,0,0
183,have severe implication growth,0,0,1,0,0,0
184,be overarching importance g-20 country commit credible mediumterm fiscal adjustment plan include legislation create multi-year target,1,0,0,0,0,0
185,drive strong credible consolidation public finances be return sustainable trajectory G-20 advance economy,0,1,0,0,0,0
186,assume base case scenario materialize analysis identify key weakness,0,0,0,0,1,0
187,supply labor capital elastic longer term consumption demand be inelastic shift tax burden consumption reduce distortion boost output,0,0,0,0,1,0
188,particular fiscal consolidation be assess be insufficient address sustainability issue number advanced economy,0,1,0,0,0,0
189,rebalancing global demand be view be strong sustain high global growth achieve low unemployment,0,0,0,0,1,0
190,be assess stronger effort repair reform financial system be need support G-20 growth objective safeguard financial stability,0,0,0,0,1,0
191,set policy option strengthen g-20 outcome require collaborative action membership,0,0,0,0,1,0
192,major policy action consider g-20 include growth-friendly fiscal consolidation advanced economy structural reform include strengthen social safety net sustained infrastructure spending emerge surplus economy accompany increase exchange rate flexibility structural reform advanced economy tackle high unemployment weaker potential output follow crisis,0,0,0,0,1,0
193,policy layer be motivate follow,0,0,0,0,1,0
194,be press need general fiscal consolidation G-20 advance economy,1,0,0,0,0,0
195,base case fiscal deficit debt level advanced economy be project remain large favorable macroeconomic outcome,0,1,0,0,0,0
196,weigh recovery further raise market pressure environment elevated uncertainty sovereign debt risk,0,0,0,0,0,1
197,credible consolidation plan design be growth friendly mitigate dampening effect domestic demand,0,1,0,0,0,0
198,element alternative policy scenario consider fiscal consolidation economy large fiscal external deficit,1,0,0,0,0,0
199,consolidation plan be strong credible extent possible supportive growth,1,0,0,0,0,0
200,seem require sufficient scale adjustment efficient redistribution tax burden allocation spending clear effective communication credible coherent fiscal consolidation strategy,1,0,0,0,0,0
201,fiscal consolidation restore sustainability advanced economy,1,0,0,0,0,0
202,upside scenario fiscal adjustment be underpin extent possible sound growth-friendly policy underscore role credibility,0,1,0,0,0,0
203,restore sustainability public finances mitigate impact growth core element fiscal consolidation be instrumental sufficient scale improve primary fiscal balance stabilize public debt prudent level give growth interest rate composition fiscal measure mitigate dampening effect demand include entitlement reform strengthen credibility fiscal plan include clear effective communication market participant align market expectation authority medium-term consolidation strategy,1,0,0,0,0,0
204,key aspect component be elaborate,0,0,0,0,1,0
205,stabilize public debt prudent level scale fiscal adjustment need be strong account country-specific need,1,0,0,0,0,0
206,major fiscal consolidation be need year g-20 economy high public deficit debt,1,0,0,0,0,0
207,different economic circumstance policy need advanced economy determine timing magnitude composition consolidation individual country level,0,1,0,0,0,0
208,reduce public debt more prudent example pre-crisis level medium term be desirable several reason include need rebuild fiscal space deal future shock higher interest rate lower potential growth give high public debt need prepare formidable longer-term challenge public finances rise health care cost aging,1,0,0,0,0,0
209,assume fiscal consolidation scenario be line stabilize public debt-to-gdp ratio pre-crisis level,0,1,0,0,0,0
210,Monetary policy accommodation be maintain extended period help support activity,0,0,0,1,0,0
211,inflation remain contain fiscal balance be strengthen,0,0,1,0,0,0
212,total fiscal adjustment upside include be baseline g-20 policy framework amount percent GDP advanced deficit advance surplus economy,0,1,0,0,0,0
213,first layer upside scenario consider follow additional stylized budgetary action see Box,0,1,0,0,0,0
214,advanced deficit country represent United States model advanced surplus country represent Japan model additional fiscal deficit reduction percentage point be phase year reflect lower government consumption percent GDP lower general government transfer percent GDP higher tax revenue percentage point GDP mitigate dampening effect demand composition fiscal adjustment be important,0,1,0,0,0,0
215,design fiscal consolidation plan be growth friendly extent possible term composition,1,0,0,0,0,0
216,minimize tax distortion be key principle design,1,0,0,0,0,0
217,realm be many possible option indicative set policy consider be follow,0,0,0,0,1,0
218,recognize effect fiscal consolidation depend composition expenditure tax instrument model examine impact lower tax capital labor higher tax consumption entitlement reform lower transfer cut government consumption,0,1,0,0,0,0
219,a shift payroll consumption tax facilitate fiscal consolidation increase medium-term potential output,0,1,0,0,0,0
220,tax increase be unavoidable be do least distortionary manner possible,1,0,0,0,0,0
221,example shift payroll tax consumption tax VAT depend country circumstance facilitate fiscal consolidation increase employment potential output,0,1,0,0,0,0
222,other avenue be consider be model include eliminate exist tax distortion include relate treatment financial leverage energy consumption,0,1,0,0,0,0
223,shift tax composition part consolidation increase overall tax revenue percent GDP be design follow United States block model consumption tax revenue increase percent GDP equivalent increase consumption tax rate percentage point labor capital income tax revenue decrease percent GDP equivalent cut percentage point underlie effective tax rate,0,1,0,0,0,0
224,credible fiscal consolidation medium term underpin high-quality measure sufficient magnitude be top priority advanced deficit economy give sovereign debt market stress other fiscal risk,1,0,0,0,0,0
225,credibility be critical element successful fiscal adjustment,0,1,0,0,0,0
226,credibility be define term private sector believe certain policy action,0,1,0,0,0,0
227,less-than-full credibility fiscal plan private expectation anticipate reversal slippage consolidation,0,1,0,0,0,0
228,investor consumer doubt package be implement investment employment response near term be weaker,0,1,0,0,0,0
229,economic agent gain confidence fiscal implementation expectation align goal fully-credible consolidation strategy,0,1,0,0,0,0
230,growth-enhancing effect example lower interest rate fiscal package be realize,0,1,0,0,0,0
231,clear effective communication coherent consolidation plan strengthening budgetary institution framework help fiscal credibility vis√†-vi private sector,0,1,0,0,0,0
232,upside scenario fiscal policy be assume gain credibility time,0,1,0,0,0,0
233,applicable additional consolidation start be assume relative plan g-20 policy framework,0,1,0,0,0,0
234,measure be phase year policy gain full credibility third year consolidation plan,0,1,0,0,0,0
235,private expectation model align authority fiscal consolidation objective point onward,0,1,0,0,0,0
236,substantial budgetary effort be require restore fiscal soundness rebuild market confidence,0,1,0,0,0,0
237,scenario show fiscal consolidation supportive growth medium term advanced g-20 economy dampen growth short run include G-20 partner country figure,0,1,0,0,0,0
238,advanced economy simulated fiscal consolidation lower real gdp relative baseline reflect lower disposable income aggregate demand,0,1,0,0,0,0
239,Monetary policy mitigate slowdown remain accommodative relative baseline,0,0,0,1,0,0
240,credibility fiscal policy increase time private spending be crowd,0,1,0,0,0,0
241,investment employment increase economic activity gain momentum result higher real gdp relative baseline medium term,0,1,0,0,0,0
242,emerge Asia ROW real gdp remain lower relative baseline projection horizon give high export dependence,0,1,0,0,0,0
243,weaker external demand relative baseline advanced partner offset benefit lower interest rate,0,0,0,0,1,0
244,case global rebalancing be strong,0,0,0,0,1,0
245,credible fiscal adjustment mitigate reverse decline domestic demand economy undergo consolidation,0,1,0,0,0,0
246,current account deficit narrow advanced deficit country match lower external surplus emerge advance surplus country,0,0,0,0,1,0
247,euro area current account be unchanged imbalance area narrow,0,0,0,0,1,0
248,regard credible coherent fiscal plan be communicate possible,1,0,0,0,0,0
249,global imbalance narrow global growth be lower,0,0,1,0,0,0
250,reflect insufficient rebalancing global demand,0,0,0,0,1,0
251,stronger fiscal consolidation allow monetary accommodation be maintain longer time help support activity,0,0,0,1,0,0
252,owe large credible fiscal consolidation sovereign risk premia long-term interest rate decline,0,0,0,0,0,1
253,combine lower capital income tax investment be crowd shift labor tax increase employment boost supply potential,0,0,0,0,1,0
254,monetary policy advanced economy afford stay accommodative extended period inflation pressure remain contain inflation expectation be anchor,0,0,0,1,0,0
255,fiscal action lower payroll tax other non-wage cost example social security contribution strengthen employment effect upside,0,1,0,0,0,0
256,risk surround fiscal sustainability heighten market concern have move front center,0,0,0,0,0,1
257,backdrop recent market development higher sovereign interest rate risk premia be key risk belong downside scenario,0,0,0,0,0,1
258,credible adjustment plan result sharp increase risk premia dampen growth affect economy impact public debt,0,0,0,0,0,1
259,Fund staff assessment macroeconomic policy framework submit g-20 member identify several economic policy issue key risk,0,1,0,0,0,0
260,credibility force fiscal adjustment be lower downside scenario likely affect impact private spending,0,1,0,0,0,0
261,weaker potential output have adverse implication fiscal position,0,1,0,0,0,0
262,advanced economy lower growth project map result lower tax revenue higher-than-projected fiscal deficit rise public debt burden high level,0,1,0,0,0,0
263,reinforce market concern debt sustainability,0,1,0,0,0,0
264,element constitute key element downside scenario,0,1,0,0,0,0
265,fiscal consolidation event deteriorate market sentiment lower potential output need be stronger front-loaded try reassure market,1,0,0,0,0,0
266,back lower potential public finances worsen give lower tax revenue automatic stabilizer push interest rate likely adverse feedback effect growth confidence,0,1,0,0,0,0
267,environment effectiveness fiscal adjustment be reduce,0,1,0,0,0,0
268,compare upside scenario larger fiscal consolidation be need ensure sustainability public finances,0,1,0,0,0,0
269,credibility be lack fiscal adjustment be force adverse market reaction reinforce mitigating negative demand effect,0,1,0,0,0,0
270,assessment find G-20 base case projection face value appear deliver strong sustainable balanced growth,0,1,0,0,0,0
271,box discuss stylized package fiscal policy design achieve fiscal consolidation support growth medium term,0,1,0,0,0,0
272,upside scenario explore role core element fiscal consolidation package,0,1,0,0,0,0
273,particular sufficient scale composition strengthen credibility fiscal plan follow line,0,1,0,0,0,0
274,scale composition package take account country-specific circumstance,1,0,0,0,0,0
275,timing magnitude consolidation be tie country circumstance,1,0,0,0,0,0
276,purpose upside scenario base Fund staff assessment fiscal consolidation need country region stylized fiscal package be construct follow United States,0,1,0,0,0,0
277,fiscal deficit be reduce percentage point GDP,0,1,0,0,0,0
278,lessen contractionary effect deficit reduction part be finance growthsupport shift composition taxation income consumption,0,1,0,0,0,0
279,reduction labor capital income tax percent GDP percentage point cut effective tax rate be more offset percent GDP increase consumption tax revenue increase consumption tax rate percentage point,0,1,0,0,0,0
280,rest deficit reduction be finance cut government consumption general government transfer percent GDP percent GDP,0,1,0,0,0,0
281,compare historical evidence relate recovery crisis staff analysis World Economic Outlook WEO growth projection appear optimistic,0,0,1,0,0,0
282,credibility be critical element successful fiscal adjustment,0,1,0,0,0,0
283,credibility be define term private sector believe fiscal policy action,0,1,0,0,0,0
284,partial credibility market anticipate reversal slippage consolidation investment employment response near term be weaker,0,0,0,0,1,0
285,economic agent have full credibility fiscal plan growth-enhancing effect example lower interest rate fiscal package be realize,0,1,0,0,0,0
286,upside scenario fiscal policy be assume gain credibility time,0,1,0,0,0,0
287,applicable start additional consolidation be assume relative plan g-20 policy framework measure be phase year policy gain full credibility third year consolidation plan onward private expectation model be align authority fiscal consolidation objective country,0,1,0,0,0,0
288,motivation above fiscal package be support growth medium term,0,1,0,0,0,0
289,near term growth decline relative refined baseline due negative multiplier effect lower government spending initial lack credibility,0,1,0,0,0,0
290,policy measure boost growth medium term reason,0,1,0,0,0,0
291,lower deficit increase save reduce real interest rate time,0,1,0,0,0,0
292,short medium-term prospects point slow sluggish recovery be subject downside risk,0,1,0,0,0,0
293,policy eliminate distortion domestic demand key emerge economy strengthen prospects external demand rebalancing support robust recovery emerge advance economy,0,1,0,0,0,0
294,fiscal adjustment need begin,1,0,0,0,0,0
295,fiscal consolidation remain essential strong sustained growth medium run,1,0,0,0,0,0
296,downside risk global growth materialize threaten slow growth expect,0,0,0,0,0,1
297,monetary policy be first line defense line have become thin,0,0,0,1,0,0
298,country fiscal room automatic stabilizer be allow play,1,0,0,0,0,0
299,stabilizer be small temporary support such extended unemployment benefit wage subsidy be continue,1,0,0,0,0,0
300,sustain recovery country consolidation plan have be postpone,1,0,0,0,0,0
301,policymaker need specify further measure begin deliver ambitious credible growth-friendly medium-term consolidation plan key advanced economy,1,0,0,0,0,0
302,plan emphasize policy measure reform grow spending program pension public health care2 make permanent reduction non-entitlement spending view improve medium-term condition labor supply investment,1,0,0,0,0,0
303,moderate adjustment such increase retirement age entail affect demand short-run,0,1,0,0,0,0
304,strengthen fiscal institution such improve budgetary process better fiscal monitoring EU improve governance framework play important role consolidation,0,1,0,0,0,0
305,policy need accelerate rebalancing demand public private source advanced economy external deficit surplus economy,0,0,0,0,1,0
306,timing pace sequence exit supportive policy vary country depend robust recovery private demand financial condition,0,0,0,0,1,0
307,most G-20 advance economy public debt sustainability require exit crisis-induced policy broader adjustment improve net debt level,1,0,0,0,0,0
308,reflect market concern vulnerable economy have front-loaded fiscal adjustment,0,1,0,0,0,0
309,be increase divergence monetary policy stance advanced emerge economy reflect macroeconomic development financial sector support have be extend european country,0,0,0,1,0,0
310,timing pace fiscal consolidation vary G-20 dictate differ country circumstance,0,1,0,0,0,0
311,country have come market pressure face greatest fiscal challenges/lacking fiscal room have start consolidate announce further front-loading see,0,1,0,0,0,0
312,country strong signal see adjustment difficult be critical prevent adverse market reaction force additional front-loaded adjustment,0,1,0,0,0,0
313,most other advanced g-20 economy start tighten,1,0,0,0,0,0
314,average adjustment implicit current plan appear appropriate,0,1,0,0,0,0
315,many advanced economy financial sector remain Achilles heel recovery prospects private demand,0,0,0,0,1,0
316,insufficient progress repair reform be weigh credit slow normalization monetary fiscal policy adverse spillover emerge economy,0,1,0,0,0,0
317,accelerate financial sector restructuring reform be top priority,1,0,0,0,0,0
318,Government budgetary policy be process move short-term stimulus medium-term consolidation,0,1,0,0,0,0
319,fiscal policy need deliver measure lower deficit medium term,1,0,0,0,0,0
320,be need halt reverse large rise public debt ratio help create room policy maneuver support private demand,0,1,0,0,0,0
321,fiscal adjustment need be support structural reform,0,0,0,0,1,0
322,collaborative policy support rebalancing global demand be crucial secure strong sustainable balanced growth,0,0,0,0,1,0
323,Monetary policy remain first line defense line be become thin most advanced economy,0,0,0,1,0,0
324,vulnerable country automatic stabilizer be allow operate stabilizer be small temporary support such extended unemployment benefit wage subsidy be continue,1,0,0,0,0,0
325,medium-term consolidation plan emphasize policy measure reform grow spending program such pension public health care make permanent reduction non-entitlement spending view improve labor supply investment,1,0,0,0,0,0
326,moderate adjustment current policy such increase retirement age entail effect demand short-run have large beneficial effect fiscal sustainability,0,1,0,0,0,0
327,strengthen fiscal institution improve budgetary process better fiscal monitoring EU improve governance framework play important role consolidation,0,1,0,0,0,0
328,credible mediumterm consolidation advanced economy allow fiscal room alleviate need accommodative monetary policy reduce large unstable flow emerge economy,0,1,0,0,0,0
329,advanced economy key policy priority financial sector reform credible medium-term fiscal consolidation be central catalyze pickup private demand,0,1,0,0,0,0
330,external rebalancing require reform aim boost domestic demand emerge surplus economy greater exchange rate flexibility,0,0,0,0,1,0
331,fiscal policy address medium-term requirement enable debt sustainability,1,0,0,0,0,0
332,key priority be policymaker further specify begin implement medium-term consolidation plan help achieve sustainable fiscal position,1,0,0,0,0,0
333,successful fiscal adjustment require medium-term consolidation plan be accompany structural reform raise trend level growth support long-term fiscal solvency,0,1,0,0,0,0
334,fiscal consolidation advanced economy begin,1,0,0,0,0,0
335,type speed adjustment reflect different circumstance different country term pace recovery risk fiscal credibility,0,1,0,0,0,0
336,whole country consolidation plan strike appropriate balance make credible start strengthen public finances continue support recovery,0,1,0,0,0,0
337,growth risk slow more expect,0,0,1,0,0,0
338,plan consolidation be slow postpone country more fiscal room,1,0,0,0,0,0
339,fiscal consolidation be essential part internal rebalancing,0,0,0,0,1,0
340,many case broad measure be dependent pace durability economic recovery,0,0,0,0,1,0
341,consolidation plan lack sufficient specificity anchor credibility,0,1,0,0,0,0
342,large oil-exporting economy have commit consolidation budget retain emphasis public investment,0,1,0,0,0,0
343,economy increase non-oil infrastructure spending be aim relieve supply bottleneck sustain growth less dependence oil price,0,0,0,0,1,0
344,progress central policy challenge be formulate clear credible ambitious medium-term plan,1,0,0,0,0,0
345,medium-term plan need be underpin specific commitment critical area include entitlement tax reform be supportive growth,1,0,0,0,0,0
346,stronger governance budgetary institution many case strengthen such effort need be sustain,0,1,0,0,0,0
347,map framework long-term fiscal plan restore sustainability public finances be require rebuild policy space address long-run budgetary pressure,1,0,0,0,0,0
348,reach G-20 fiscal objective specify Toronto fiscal effort be need country,1,0,0,0,0,0
349,real GDP growth consistent G-20 baseline be lower assume individual member submission case,0,0,1,0,0,0
350,result higher fiscal deficit unchanged policy,0,1,0,0,0,0
351,Toronto Summit G-20 Leaders advanced economy agree halve fiscal deficit stabilize reduce public debt,0,1,0,0,0,0
352,order halve fiscal deficit add fiscal effort be require text table,1,0,0,0,0,0
353,ambitious implementation Toronto Declaration be assume base stabilize net gross debt ratio,0,1,0,0,0,0
354,further fiscal consolidation advanced economy be consider second layer help restore soundness public finances,0,1,0,0,0,0
355,magnitude additional fiscal effort be base path fiscal balance be consistent growth revise G-20 baseline see Box .2,0,1,0,0,0,0
356,improvement fiscal balance be assume be sustain reduce public debt,0,1,0,0,0,0
357,fiscal adjustment follow key dimension be consider,0,1,0,0,0,0
358,g-20 fiscal policy appear track meet Toronto commitment,0,1,0,0,0,0
359,medium-term consolidation plan country rely optimistic growth assumption,0,0,1,0,0,0
360,few country have articulate credible plan underpin specific measure key area,0,1,0,0,0,0
361,respond severe market pressure year concern sovereign risk advanced deficit economy have announce bring fiscal consolidation plan,0,1,0,0,0,0
362,plan differ country magnitude pace adjustment reflect strength economic recovery amount fiscal space reaction market strength public balance sheet,0,1,0,0,0,0
363,many case consolidation plan be accompany measure increase transparency budget process,0,1,0,0,0,0
364,many advanced surplus economy have announce consolidation plan,0,1,0,0,0,0
365,degree specificity identify measure vary,0,1,0,0,0,0
366,many country fiscal consolidation medium-term be be achieve entitlement tax system reform pay-go principle,0,1,0,0,0,0
367,case new measure bolster credibility public finances have be establish plan include mechanism identify risk federal state budget reform fiscal framework,0,1,0,0,0,0
368,emerge deficit economy have begin fiscal tightening announce medium-term consolidation plan,0,1,0,0,0,0
369,Cooperative well-timed policy initiative reduce vulnerability rebalance growth be need sustain global recovery,0,0,0,0,1,0
370,announce tax cut United States be project have modest impact growth outcome have large budgetary cost,0,1,0,0,0,0
371,have become important articulate credible fiscal consolidation plan include entitlement reform cap discretionary spending higher revenue reform tax system establishment strengthening fiscal institution,1,0,0,0,0,0
372,plan build constructive idea Fiscal Commission other,0,1,0,0,0,0
373,successful fiscal adjustment require medium-term consolidation plan be accompany structural reform increase competitiveness euro area Japan,0,1,0,0,0,0
374,policy raise potential growth help support fiscal solvency long term,0,1,0,0,0,0
375,reform be need area labor product service market such facilitate greater competition lower markup lower hiring cost reduce long-term unemployment facilitate re-entry encourage job search match mobility eliminate dual labor market,0,0,0,0,1,0
376,advanced economy urgent task be alleviate financial stress euro area develop credible fiscal consolidation plan boost job creation accelerate financial reform,1,0,0,0,0,0
377,key policy challenge emerge economy be keep overheate pressure check respond capital inflow,0,0,0,0,1,0
378,key surplus economy overheate pressure be alleviate permit currency appreciation facilitate healthy rebalancing external internal demand,0,0,0,0,1,0
379,Greater commitment be need ensure fiscal policy restore mediumterm debt sustainability advanced economy,0,1,0,0,0,0
380,vulnerability sovereign emphasize urgency formulate credible medium-term fiscal consolidation plan country euro periphery other advanced economy,0,1,0,0,0,0
381,near term solidify recovery diminish deflationary risk many large advanced economy create room current fiscal consolidation plan be accelerate,0,1,0,0,0,0
382,give recent stimulus measure United States Japan need strengthen adjustment credentials specify measure intend adopt honor commitment reduce deficit debt,1,0,0,0,0,0
383,advanced economy come renew market pressure underscore commitment deficit target set contingency plan ensure adjustment goal be meet,1,0,0,0,0,0
384,substantial fiscal consolidation many advanced economy be pipeline,0,1,0,0,0,0
385,clear credible medium-term fiscal consolidation framework need be place possible United States crisis have worsen debt dynamics top long-term pressure entitlement spending,1,0,0,0,0,0
386,revenue measure economy adjustment need be large revenue ratio be low,0,0,0,0,1,0
387,Raising revenue widen tax basis remove distortion raise tax rate be part adjustment package economy,1,0,0,0,0,0
388,many country elimination tax expenditure contribute objective,0,1,0,0,0,0
389,develop good fiscal institution provide accurate timely monitoring fiscal outturn better coordination level government mediumterm orientation fiscal policy making include establish strengthen fiscal rule,0,0,0,0,1,0
390,medium-term fiscal adjustment need emerge economy be smaller,0,1,0,0,0,0
391,deficit most advanced economy remain level stabilize reduce debt ratio,0,1,0,0,0,0
392,particular reduce debt ratio precrisis median percent GDP net debt percent Japan average project adjustment percent gdp amount less half need,0,1,0,0,0,0
393,key principle underlie fiscal consolidation plan vary country include flexible response macroeconomic condition,0,1,0,0,0,0
394,advanced economy additional revenue faster-than-anticipated growth be save,0,1,0,0,0,0
395,emerge economy use revenue buoyancy related high asset commodity price favorable economic condition rebuild fiscal buffer increase spending near term,0,1,0,0,0,0
396,deep entitlement reform advanced economy health care policymaker have balance need ensure access requirement maintain sustainability public finances,0,1,0,0,0,0
397,emerge economy challenge be improve coverage health safety net preserve long-term fiscal sustainability health indicator be lower advanced country,0,1,0,0,0,0
398,fiscal policy resolve Sovereign Crisis,0,0,0,0,0,1
399,adopt credible mediumterm framework,1,0,0,0,0,0
400,long-term solution problem peripheral euro area economy require range measure,0,0,0,0,1,0
401,addition structural policy temporary financial assistance front-loaded fiscal adjustment be need restore market confidence ease pressure sovereign bank spread,1,0,0,0,0,0
402,weak growth outlook Greece Portugal imply presence financing constraint need fiscal adjustment measure agree ec-imf program economy,0,1,0,0,0,0
403,Europe whole further policy measure be need address weakness national budgetary institution procedure have undermine past effort enforce stability growth Pact such lack transparency medium-term orientation optimistic bias national official forecast,0,1,0,0,0,0
404,reform overhaul EU governance have be propose,0,1,0,0,0,0
405,need be legislate implement,0,0,0,0,1,0
406,address fiscal situation United States Japan require balance short-run growth fragility long-term sustainability concern,0,1,0,0,0,0
407,authority implement credible medium-term fiscal adjustment plan include entitlement revenue-raising tax reform,1,0,0,0,0,0
408,United States be critical raise debt ceiling,1,0,0,0,0,0
409,credible medium-term fiscal plan create space provide further support fledgling recovery calibrate pace fiscal adjustment near term anchor investor confidence,0,1,0,0,0,0
410,economy face adverse private funding condition such imfand eu-supported program have little choice press current consolidation plan,0,1,0,0,0,0
411,need be support rapid implementation structural reform raise growth enhance debt sustainability fiscal repair achieve sustainable balance support growth,0,0,0,0,1,0
412,Advanced G-20 economy articulate credible medium-term fiscal consolidation plan specific measure embed realistic macroeconomic framework,1,0,0,0,0,0
413,create policy space nearterm support growth employment need,0,0,0,0,1,0
414,event further significant slowdown growth number economy have scope slow current pace consolidation offset commitment additional tightening,0,1,0,0,0,0
415,United States proposed american Jobs Act provide needed near-term support,0,1,0,0,0,0
416,parallel credible medium-term fiscal adjustment plan raise revenue contain growth entitlement spending remain essential,1,0,0,0,0,0
417,Japan near-term fiscal stance be appropriate give need rebuild earthquake,0,1,0,0,0,0
418,comprehensive ambitious plan put public debt sustainable footing medium term remain essential,1,0,0,0,0,0
419,most other advanced g-20 economy example Australia Canada Germany Korea United Kingdom current plan be appropriate,0,1,0,0,0,0
420,near-term tightening slow growth threaten be lower project compensate stronger medium-term adjustment,1,0,0,0,0,0
421,fiscal consolidation continue many euro area economy,1,0,0,0,0,0
422,be structure pace avoid collapse demand growth,1,0,0,0,0,0
423,United States Japan policymaker redouble effort formulate implement credible medium-term consolidation plan,1,0,0,0,0,0
424,measure include entitlement reform include new health care pension saving measure cap discretionary spending tax system reform boost fiscal revenue,1,0,0,0,0,0
425,put place such plan reinforce policy room support balance sheet repair growth job creation period heighten vulnerability,0,1,0,0,0,0
426,United States be risk political paralysis lead rapid pace deficit reduction include early expiry exist stimulus measure such payroll tax cut,0,1,0,0,0,0
427,such development undermine weak recovery,0,0,1,0,0,0
428,sufficient near-term fiscal adjustment be train most economy,0,1,0,0,0,0
429,country allow automatic stabilizer operate provide secure funding higher deficit,1,0,0,0,0,0
430,face low funding cost consider slower pace consolidation,1,0,0,0,0,0
431,overdo fiscal adjustment short run counter cyclical revenue loss undercut activity diminish popular support adjustment undermine market confidence,0,1,0,0,0,0
432,country policy space consider slow structural fiscal adjustment maintain commitment credible medium-term consolidation plan,1,0,0,0,0,0
433,other G-20 advance economy remain urgent priority set credible path fiscal consolidation medium term,1,0,0,0,0,0
434,near term sufficient fiscal adjustment be plan most advanced economy,0,1,0,0,0,0
435,Automatic stabilizer be allow operate,1,0,0,0,0,0
436,economy afford do pace near-term fiscal consolidation slow,1,0,0,0,0,0
437,medium-term risk sustainability remain unaddressed,0,0,0,0,0,1
438,fiscal consolidation structure pace avoid collapse demand ensure debt sustainability continue many euro area country lay credible medium-term adjustment plan remain urgent priority key advanced economy,1,0,0,0,0,0
439,depend circumstance measure include entitlement reform include new health care pension saving measure tax system reform boost fiscal revenue,0,1,0,0,0,0
440,measure create policy room support balance sheet repair growth job creation period heighten vulnerability,0,1,0,0,0,0
441,term,0,0,0,0,1,0
442,sufficient near-term fiscal adjustment have begin most advanced economy include euro area,0,1,0,0,0,0
443,Automatic stabilizer be allow operate provide funding higher deficit be secure,1,0,0,0,0,0
444,overdo fiscal adjustment short run undermine activity diminish popular support adjustment threaten market confidence,0,1,0,0,0,0
445,country fiscal space low funding cost consider slow fiscal adjustment maintain commitment credible medium-term consolidation plan,1,0,0,0,0,0
446,Euro area member benefit financial assistance program stick agree consolidation effort implement require structural reform,1,0,0,0,0,0
447,medium term,0,0,0,0,1,0
448,policymaker increase effort formulate implement credible consolidation plan United States Japan,1,0,0,0,0,0
449,fiscal consolidation be gradual sustained,1,0,0,0,0,0
450,market view major disruption associate issue tail risk uncertainty be resolve be weigh demand,0,0,0,0,0,1
451,last minute deal rely suboptimal fix kick road ‚Äñ prove harmful,0,0,0,0,1,0
452,contrary expectation resolution be find confidence United States policymaker erode have large domestic international ramification,0,0,0,0,1,0
453,fiscal adjustment be anchor concrete ambitious medium-term consolidation plan,1,0,0,0,0,0
454,moment United States lack agreement plan,0,1,0,0,0,0
455,Japan plan need be strengthen recent welcome approval timetable double consumption tax rate,1,0,0,0,0,0
456,adjustment be require expenditure revenue side ledger,1,0,0,0,0,0
457,be important move reduce growth aging-related expenditure,1,0,0,0,0,0
458,measure have be enact Europe reduce retirement cost more be do advanced economy lower health-related spending,1,0,0,0,0,0
459,robust fiscal framework support credibility adjustment plan,1,0,0,0,0,0
460,considerable adjustment have occur,0,1,0,0,0,0
461,many advanced economy have long way go,0,0,0,0,1,0
462,average advanced economy ratio cyclically-adjusted general government balance potential gdp be project improve percent potential gdp percent,0,0,1,0,0,0
463,emerge economy group substantial consolidation be envisage year next,0,1,0,0,0,0
464,be essential calibrate pace adjustment state economy funding pressure mind,1,0,0,0,0,0
465,amount plan fiscal consolidation advanced economy appear sizable near term consistent high debt slight increase economic growth project WEO significant difference country,0,1,0,0,0,0
466,financial condition permit automatic stabilizer be allow operate,1,0,0,0,0,0
467,fiscal target be specify cyclically-adjusted structural term,1,0,0,0,0,0
468,case large negative shock growth disappointment pace consolidation be smooth country afford,1,0,0,0,0,0
469,United States authority act early avoid fiscal cliff raise debt ceiling,1,0,0,0,0,0
470,fiscal consolidation need continue gradual sustained pace,1,0,0,0,0,0
471,progress make United States policymaker agree comprehensive plan include higher revenue contain entitlement spending,1,0,0,0,0,0
472,advanced economy growth public health care spending be unsustainable trajectory projection indicate increase net present value term close percent GDP,0,1,0,0,0,0
473,be important advanced economy move curtail rise age healthrelated spending ensure debt sustainability,1,0,0,0,0,0
474,fiscal adjustment most advanced economy be appropriate,0,1,0,0,0,0
475,fiscal target be pursue structural nominal term ensure negative growth surprise do trigger additional consolidation effort,1,0,0,0,0,0
476,euro area current fiscal framework provide sufficient flexibility be use,0,1,0,0,0,0
477,country face higher debt greater market pressure be adjust more advanced economy peer,0,1,0,0,0,0
478,event large negative shock growth disappointment current fiscal policy stance need be reassess country afford,1,0,0,0,0,0
479,policymaker need focus follow issue United States authority act early find durable solution raise debt ceiling avert automatic spending cut,1,0,0,0,0,0
480,resolution be find confidence United States policymaker erode large spillover rest world,0,0,0,0,1,0
481,fiscal adjustment be support adoption implementation concrete medium-term consolidation plan,1,0,0,0,0,0
482,recently-announced stimulus Japan make urgent,1,0,0,0,0,0
483,fiscal tightening continue pace preserve recovery,1,0,0,0,0,0
484,Progress medium-term fiscal reform help quell concern political pressure central bank keep interest rate longer warrant give massive purchase various central bank government paper,0,0,0,1,0,0
485,create greater scope pursue supportive monetary policy trigger concern central bank independence resurgence inflation,0,0,0,1,0,0
486,policy maker aim nurture short-term recovery have credible medium-term adjustment plan help anchor expectation gain flexibility,1,0,0,0,0,0
487,short-term adjustment be calibrate,1,0,0,0,0,0
488,advanced economy private demand have be disappointing consider smooth pace consolidation have room maneuver,1,0,0,0,0,0
489,United Kingdom example greater flexibility pace near-term fiscal consolidation be consider give weak recovery owe lackluster demand,1,0,0,0,0,0
490,growth surprise upside policymaker reduce headline deficit aim fiscal balance cyclically-adjusted structural term,1,0,0,0,0,0
491,Comprehensive ambitious consolidation plan entitlement reform be instrumental give tradeoff face fiscal policy,1,0,0,0,0,0
492,United States agreement credible fiscal roadmap help create short-term policy space mitigate risk excessive near-term consolidation ease burden place monetary policy,1,0,0,0,0,0
493,Japan recent fiscal stimulus make develop credible fiscal plan stabilize reduce debt urgent,1,0,0,0,0,0
494,advanced economy macroeconomic policy support growth,0,0,0,0,1,0
495,Japan expansionary fiscal stance year substantial consolidation be pipeline next year result two-step increase consumption tax rate percent wane stimulus reconstruction spending,0,1,0,0,0,0
496,near term gradual pace fiscal adjustment be preferable conditional have credible specific medium term consolidation plan place,1,0,0,0,0,0
497,United States budget sequester be replace balanced gradual pace fiscal consolidation short term efficient targeted spending cut,1,0,0,0,0,0
498,debt ceiling be raise,1,0,0,0,0,0
499,multi-year consolidation plan tackle entitlement tax reform be adopt restore long-run fiscal sustainability,1,0,0,0,0,0
500,Japan implementation plan consumption tax increase next year be critical maintain confidence ability government address fiscal problem,1,0,0,0,0,0
501,ambitious concrete consolidation plan base revenue spending be need,1,0,0,0,0,0
502,plan place fiscal space be create smooth fiscal adjustment growth disappoint,0,1,0,0,0,0
503,euro area extension EDP deadline assessment adjustment structural term be welcome,0,1,0,0,0,0
504,extra space be use act fiscal structural reform,0,1,0,0,0,0
505,consolidation be base efficient growth-friendly mix expenditure revenue measure support appropriate structural reform enhance potential growth,0,1,0,0,0,0
506,Spain need credible detailed medium-term plan,1,0,0,0,0,0
507,France need rebalance adjustment expenditure containment,1,0,0,0,0,0
508,support growth create job be main challenge major advanced economy,0,0,0,0,1,0
509,United Kingdom be important fiscal policy support nascent recovery pursue fiscal measure alleviate supply-side constraint provide support private demand context medium-term fiscal framework,1,0,0,0,0,0
510,speak monetary policy accommodation continue play supportive role give low inflation large output gap,0,0,0,1,0,0
511,fiscal adjustment be measure be anchor credible medium term roadmap sustainability,1,0,0,0,0,0
512,Financial sector reform need be complete,0,0,0,0,1,0
513,pace composition fiscal adjustment be calibrate avoid excessive drag growth be anchor credible concrete medium-term plan,1,0,0,0,0,0
514,sizable consolidation effort fiscal imbalance remain large advanced economy due weak growth unfavorable initial fiscal position respect sustainability,0,1,0,0,0,0
515,growth disappointment turn reflect negative effect fiscal adjustment shortterm growth fact country France Spain UK private demand have be pick public demand,0,0,1,0,0,0
516,Financial sector support measure burden fiscal account country,0,0,0,0,1,0
517,United States private demand have gain momentum year large fiscal consolidation be excessive light nascent recovery,0,1,0,0,0,0
518,policy ambition cooperation be need achieve G-20 shared objective strong sustainable balanced growth,0,0,0,0,1,0
519,particular implement measure pace fiscal tightening base consolidation mix be supportive medium-term growth include entitlement reform remain central,1,0,0,0,0,0
520,be anchor credible plan debt reduction United States Japan,1,0,0,0,0,0
521,economy market pressure achieve structural fiscal target allow automatic stabilizer play be key,1,0,0,0,0,0
522,euro area bank balance sheet repair remain essential restore confidence revive credit growth,0,0,0,0,1,0
523,policymaker make further progress banking union single Supervisory mechanism single resolution mechanism advance structural reform,0,0,0,0,1,0
524,additional unconventional monetary support target long term refinancing operation lower collateral haircut help reduce fragmentation restore monetary transmission,0,0,1,0,0,0
525,problem face global economy be complex joint action help,0,0,0,0,1,0
526,environment ongoing incomplete transition financial stability change growth dynamics concern slow growth high unemployment achieve better policy mix be important,0,0,0,0,1,0
527,heavy reliance unconventional monetary policy ump example have have overall positive effect have buy time need support other policy succeed,0,0,0,1,0,0
528,widespread financial fiscal structural impediment need be address bolster growth financial stability,0,0,0,0,1,0
529,advanced economy exceptional monetary accommodation include ump continue provide important support recovery potential side effect be monitor address need,0,0,0,1,0,0
530,clear communication central bank intention be vital help avoid new financial excess abrupt reversal capital flow,0,0,0,1,0,0
531,be scope better cooperation withdrawal ump wider central bank discussion exit plan,0,0,0,1,0,0
532,same time progress other front be crucial,0,0,0,0,1,0
533,fiscal consolidation continue gradual pace preserve long-term growth potential economy,1,0,0,0,0,0
534,be need put debt ratio downward path,1,0,0,0,0,0
535,recent fiscal stimulus package increase urgency concrete medium-term consolidation plan,1,0,0,0,0,0
536,implementation second stage consumption tax rate increase be great importance go,1,0,0,0,0,0
537,growth slow,0,0,1,0,0,0
538,fiscal measure be consider context credible consolidation strategy,1,0,0,0,0,0
539,euro area overall fiscal stance plan be neutral number country be tighten slower pace,0,1,0,0,0,0
540,be appropriate,0,0,0,0,1,0
541,low growth persist monetary policy option be deplete flexibility current fiscal framework need be use respond circumstance,1,0,0,0,0,0
542,further progress be need improve national fiscal governance context recent fiscal institution reform euro area,0,0,0,0,1,0
543,debt ratio start decline fiscal deficit remain high relative pre-crisis level be way go rebuild policy buffer bring debt ratio prudent level,0,1,0,0,0,0
544,fiscal consolidation continue gradual pace framework concrete medium-term plan Japan United States,1,0,0,0,0,0
545,same time past fiscal consolidation have be focus tax increase wage public investment cut exacerbate trend decline public capital stock,0,1,0,0,0,0
546,go design fiscal policy be careful support long-run growth potential economy include enhance infrastructure investment boost demand,1,0,0,0,0,0
547,consolidation rely balanced distribution spending cut revenue ratio be high,1,0,0,0,0,0
548,be scope raise revenue emphasis be broaden tax base,1,0,0,0,0,0
549,United States December budget agreement be encouraging example bipartisanship provide partial relief sequester,0,0,0,0,1,0
550,remain essential reduce uncertainty surround conduct fiscal policy raise debt limit durable manner adopt balanced comprehensive medium-term fiscal plan include entitlement tax reform put public debt downward path,0,0,0,0,0,1
551,Japan decision implement first phase consumption tax increase send strong signal government resolve tackle country fiscal imbalance,0,1,0,0,0,0
552,pace composition fiscal adjustment be attuned support recovery long-term growth,1,0,0,0,0,0
553,strike right balance demand support debt reduction,0,1,0,0,0,0
554,Germany have complete fiscal consolidation afford finance much-needed public investment infrastructure violate fiscal rule,0,1,0,0,0,0
555,large negative growth surprise euro area country trigger additional consolidation effort be self-defeating,1,0,0,0,0,0
556,deflation risk materialize monetary policy option be deplete escape clause fiscal framework need be use respond circumstance,1,0,0,0,0,0
557,Japan second stage consumption tax increase proceed uniform rate percent October,1,0,0,0,0,0
558,concern harm low-income household be address target subsidy reduce tax rate essential item,0,0,0,0,1,0
559,pace fiscal withdrawal be appropriate,0,1,0,0,0,0
560,concrete post-2015 fiscal consolidation plan remain need allow near-term flexibility respond downside risk,1,0,0,0,0,0
561,plan lower corporate tax rate have growth benefit require offset fiscal measure prevent further rise fiscal risk,0,1,0,0,0,0
562,fiscal consolidation continue proceed anchor credible medium-term plan be lack country Japan United States,1,0,0,0,0,0
563,same time design fiscal policy support long-run growth potential economy include enhance infrastructure investment provide infrastructure need have be identify be slack economy monetary policy be accommodative investment process be efficient debt-to-gdp ratio be high,1,0,0,0,0,0
564,United States reach agreement credible medium-term consolidation plan put debt downward trajectory be high priority,1,0,0,0,0,0
565,include step contain health care cost reform social security increase revenue,1,0,0,0,0,0
566,absence comprehensive agreement effort focus identify modest opportunity relax near term budget envelope pay future fiscal savings,0,0,0,0,1,0
567,particular frontloading infrastructure spending be good candidate give urgent need upgrade quality United States infrastructure,1,0,0,0,0,0
568,United States consider change budget procedure lessen fiscal policy uncertainty include reach bipartisan agreement clear simple medium-term fiscal objective automatic process raise debt ceiling agreement be reach broad budget parameter budget cycle annual spending level be agree two-year period,0,0,0,0,0,1
569,euro area overall fiscal stance be neutral number country be tighten slower pace,0,1,0,0,0,0
570,fiscal policy be growth friendly pace composition fiscal adjustment need attuned support recovery,1,0,0,0,0,0
571,fiscal consolidation proceed anchor credible medium-term plan be lack country Japan United States,1,0,0,0,0,0
572,same time design fiscal policy support growth include enhance infrastructure investment see Annex need have be identify be slack economy investment process be efficient example Germany United States,1,0,0,0,0,0
573,be economic slack monetary accommodation short-run demand effect be stronger boost output lead decline public-debt-to-gdp ratio,0,1,0,0,0,0
574,provide be space supportive fiscal stance help offset short-term adverse effect structural reform aggregate demand bring growth benefit,0,1,0,0,0,0
575,response negative growth surprise euro area flexibility fiscal governance framework be use possible avoid trigger additional consolidation effort,1,0,0,0,0,0
576,pace fiscal withdrawal be appropriate Japan,0,1,0,0,0,0
577,post-2015 consolidation plan remain need,1,0,0,0,0,0
578,Advanced economy maintain supportive policy give substantial output gap below-target inflation,0,0,0,0,1,0
579,be space supportive fiscal stance bring growth benefit structural reform help offset short-term adverse effect,0,1,0,0,0,0
580,euro area flexibility fiscal governance framework be use support key structural reform public investment,0,0,0,0,1,0
581,credible medium-term consolidation plan remain need Japan United States,1,0,0,0,0,0
582,fiscal policy be growth friendly include increase infrastructure investment,1,0,0,0,0,0
583,many emerge market economy macroeconomic policy space support growth remain limited lower oil price alleviate inflationary pressure allow gradual tightening monetary policy,0,0,0,0,1,0
584,oil exporter need adjust fiscal stance depend scope savings past higher price oil exchange rate regime,0,1,0,0,0,0
585,country less policy space exchange rate flexibility be critical buffer shock,0,0,0,0,1,0
586,lower oil price offer opportunity reform energy subsidy tax oil exporter importer,0,0,0,0,1,0
587,be urgent need structural reform raise potential output advanced emerge economy,0,0,0,0,1,0
588,fiscal policy be growth friendly,1,0,0,0,0,0
589,pace composition fiscal consolidation be design support recovery long-term growth include enhance infrastructure investment economy identify need output gap efficient investment process example Germany United States,1,0,0,0,0,0
590,Policy priority have take more urgency compare February G-20 Surveillance note,0,0,0,0,1,0
591,fiscal consolidation remain growth friendly be anchor credible medium term plan,1,0,0,0,0,0
592,United States priority remain agree medium-term fiscal consolidation plan include higher tax revenue,1,0,0,0,0,0
593,euro area country adhere commitment stability growth Pact SGP,1,0,0,0,0,0
594,fiscal space Germany do more encourage growth undertake much-needed public infrastructure investment support structural reform,1,0,0,0,0,0
595,fiscal rebalancing include lower marginal tax labor capital finance cut unproductive spending base-broadening measure,0,1,0,0,0,0
596,Japan credible medium-term strategy fiscal adjustment specific measure be need give high public debt ratio,1,0,0,0,0,0
597,raise actual potential growth remain key objective,0,0,0,0,1,0
598,advanced economy accommodative monetary policy remain essential,0,0,0,1,0,0
599,fiscal policy be growth friendly include increase infrastructure investment,1,0,0,0,0,0
600,many emerge economy macroeconomic policy space support growth be limited inflation target economy fiscal position weaker desirable other,0,0,0,0,1,0
601,structural reform be need raise potential output advanced emerge economy,0,0,0,0,1,0
602,Joint effort deficit surplus economy rebalance global demand reduce excess external imbalance sustain growth,0,0,0,0,1,0
603,fiscal policy be growth friendly,1,0,0,0,0,0
604,manage high public debt low-growth low-inflation environment remain key challenge many economy,0,1,0,0,0,0
605,secure strong durable recovery policy need decisive upgrade,0,0,0,0,1,0
606,fiscal policy be supportive condition allow credible plan reduce public debt ratio longer run be put place,1,0,0,0,0,0
607,public debt level be historic high,0,1,0,0,0,0
608,fiscal consolidation remain growth friendly be anchor credible medium term plan support well-designed fiscal framework,1,0,0,0,0,0
609,protect vulnerable,0,0,0,0,1,0
610,United States priority remain agree medium-term fiscal consolidation plan prepare rise aging-related cost include higher tax revenue,1,0,0,0,0,0
611,recent congressional passage two-year budget include suspend debt ceiling be critical step support economy,0,1,0,0,0,0
612,euro area country adhere commitment EU fiscal rule,1,0,0,0,0,0
613,fiscal space Germany Netherlands do more encourage growth much-needed public infrastructure investment support structural reform,1,0,0,0,0,0
614,Japan announce medium-term fiscal consolidation plan provide useful anchor guide fiscal policy,0,1,0,0,0,0
615,aim be put debt downward path base realistic assumption identify specific revenue expenditure measure,0,1,0,0,0,0
616,Raising actual potential output combination demand support structural reform remain key policy objective,0,0,0,0,1,0
617,advanced economy accommodative monetary policy remain essential,0,0,0,1,0,0
618,fiscal policy be supportive condition allow credible medium-term budget plan be put place,1,0,0,0,0,0
619,many emerge economy have limit scope monetary fiscal policy support growth inflation target economy fiscal position weaker desirable other,0,0,0,0,1,0
620,feasible exchange rate flexibility serve shock absorber temporary role intervention capital flow management measure market condition turn disorderly,0,0,0,0,1,0
621,Joint effort deficit surplus economy rebalance global demand reduce excess external imbalance sustain growth,0,0,0,0,1,0
622,help China difficult transition reduce tail risk facilitate stronger durable global growth,0,0,0,0,1,0
623,collective effort be require enhance global safety net strengthen International Monetary System,0,0,0,0,1,0
624,avoid over-reliance monetary policy near-term fiscal policy support recovery appropriate provide be fiscal space focus investment,1,0,0,0,0,0
625,public debt be high commitment credible medium-term consolidation plan create policy space,0,1,0,0,0,0
626,necessary fiscal consolidation remain growth-friendly support policy foster innovation productivity protect vulnerable,1,0,0,0,0,0
627,United States recent bipartisan fiscal agreement be important positive step further fiscal effort be need stabilize debt-to-gdp ratio medium term interest rate increase demographic transition intensify,1,0,0,0,0,0
628,early agreement credible medium-term deficit reduction provide space fund investment infrastructure raise productivity innovation enhance worker skill,1,0,0,0,0,0
629,euro area country fiscal space do more support growth example infrastructure investment Germany,1,0,0,0,0,0
630,Swift implementation expansion EU scheme provide public private investment raise growth short medium term have positive spillover region,0,1,0,0,0,0
631,temporary cost relate refugee expenditure be accommodate compatibility current fiscal target assess case-by-case basis,0,1,0,0,0,0
632,Japan commitment fiscal consolidation center pre-announced path gradual consumption tax hike strengthening fiscal institution create near-term policy space maintain growth momentum,0,1,0,0,0,0
633,short-term demand support have important part play advanced economy need greater emphasis growth-friendly fiscal policy,1,0,0,0,0,0
634,Policy framework,0,0,0,0,1,0
635,strong fiscal framework ensure sustainability longer term couple fiscal reform help increase safeguard policy space short run example United States Japan,0,1,0,0,0,0
636,United States achieve sustained downward medium-term path public debt require comprehensive reform tax system pension reform healthcare cost containment,0,1,0,0,0,0
637,Japan pre-announcement gradual path consumption tax hike be need,1,0,0,0,0,0
638,euro area priority be make full use flexibility exist rule,0,1,0,0,0,0
639,medium term stricter enforcement simplify stability growth Pact make effective,0,0,0,0,1,0
640,be strong case expand centralized fiscal support,0,1,0,0,0,0
641,majority advanced country output gap remain negative weak labor market threaten scar young workforce inflation be low target,0,0,1,0,0,0
642,monetary policy be become overburdened domestic policy coordination help make macroeconomic support effective,0,0,0,0,1,0
643,require broad-based approach combine available policy tool strong policy framework anchor fiscal monetary policy long run allow effective demand management short run,0,0,0,0,1,0
644,fiscal policy,0,0,0,0,1,0
645,monetary policy space be narrow be fiscal space fiscal policy help support demand close output gap include measure strengthen growth medium long term example Canada Korea necessary facilitate balance sheet repair,1,0,0,0,0,0
646,most country be important adjust expenditure priority finance reform increase potential output example Germany,0,1,0,0,0,0
647,euro area use centralized investment fund support infrastructure investment country fiscal space be appropriate,0,1,0,0,0,0
648,coordinate use fiscal space be beneficial global outlook weaken,0,0,0,0,1,0
649,higher inclusive growth require forceful comprehensive policy,0,0,0,0,1,0
650,other helpful measure include adjust composition spending public investment move revenue structure indirect other tax detrimental growth,0,1,0,0,0,0
651,number country be appropriate devote fiscal resource reduce private sector debt overhang repair financial sector balance sheet,0,0,0,0,1,0
652,multiple interdependent factor hold growth policymaker have work necessary lever structural policy include promote financial stability trade fiscal policy monetary policy,0,0,0,0,1,0
653,depend country need comprehensive action combine structural reform demand support anchor coherent well-communicated policy framework,0,0,0,0,1,0
654,interest rate be effective lower bound fiscal policy play larger role,1,0,0,0,0,0
655,same time policymaker raise confidence explain citizen benefit reform necessary provide effective support shoulder burden adjustment,0,1,0,0,0,0
656,effort advance global trade integration lower financial stability risk address geopolitical spillover remain vital,0,0,0,0,1,0
657,monetary policy operate lower bind growth-friendly fiscal policy have important role play,1,0,0,0,0,0
658,strategy deploy available tool counter damaging perception policy space use individual instrument be limit,0,0,0,0,1,0
659,take advantage current low interest rate environment depend availability fiscal space be case more public investment,1,0,0,0,0,0
660,reinforce growth momentum require right mix demand support supply reform,0,0,0,0,1,0
661,advance economy inflation remain target supportive monetary policy stance be maintain rely unconventional measure need example euro area Japan,0,0,0,1,0,0
662,United States monetary policy normalization continue be gradual datum drive,0,0,0,1,0,0
663,economy operate full capacity such United States Germany fiscal support be orient increase potential output instance investment high-quality infrastructure include social infrastructure such education health childcare,1,0,0,0,0,0
664,Germany higher public investment contribute reduce high current account balance surplus,0,0,0,0,1,0
665,economy insufficient demand available fiscal space fiscal policy support short-term growth focus boost supply potential economy,1,0,0,0,0,0
666,emerge economy face diverse cyclical position emphasis be enhance resilience discuss,0,0,0,0,1,0
667,exploit synergy short-term support structural reform be crucial fiscal space be limited monetary policy operate effective lower bind,0,0,0,0,1,0
668,such case combination temporary macroeconomic support well-anchored credible medium-term policy framework growth-enhancing structural reform deliver more sum part,0,0,0,0,1,0
669,country fiscal adjustment be need consolidation be gradual possible,1,0,0,0,0,0
670,structural reform prioritize lower-cost measure have beneficial impact public finances medium term,0,0,0,0,1,0
671,United States monetary policy continue normalize remain datum dependent,0,0,0,1,0,0
672,plan Fed balance sheet be well-communicated,0,0,0,1,0,0
673,fiscal policy ensure ratio debt GDP be downward path support longer-term potential economy,1,0,0,0,0,0
674,ongoing IMF work country experience suggest use digital technology hold potential better target efficient fiscal policy ensure reduction spending leakage greater transparency,0,0,0,0,1,0
675,contrast inflation be central bank target output gap remain negative monetary policy stay supportive Japan euro area available fiscal space be use provide further additional support,1,0,0,0,0,0
676,expansionary fiscal stance Germany allow much-needed increase public investment raise potential output support external adjustment same time have positive spillover other euro area economy be cyclical slack,1,0,0,0,0,0
677,country fiscal adjustment be need avoid destabilizing debt dynamics rebuild policy buffer consolidation be appropriate be support growth-friendly measure example Italy,1,0,0,0,0,0
678,tradeoff occur fiscal policy play mitigating role,0,1,0,0,0,0
679,fiscal space be available fiscal policy help foster innovation structural change labor product service market include demand support certain reform,0,1,0,0,0,0
680,fiscal policy ease adjustment affect technological change increase economic integration example job counseling retrain apprenticeship program youth support life-long learning measure area such housing credit infrastructure increase mobility,0,1,0,0,0,0
681,protect vulnerable better-target social safety net finance design progressive tax,0,1,0,0,0,0
682,country limited fiscal space provide support budget neutral manner example use savings unemployment benefit reform improve job training program,0,1,0,0,0,0
